"Employee id","Crew id","Flight","Departure Date","Block off","Arrival Date","Block on","Aircraft Registration","Aircraft Type","Duration","Landing","PIC","SIC"
97255,97255,"SK1744-20251113-ARN-TLL","2025-11-13","12:59:00","2025-11-13","14:59:00","LNRGL","32N",60,true,"17007",
97255,97255,"SK0142-20251113-GOT-ARN","2025-11-13","09:53:00","2025-11-13","10:46:00","SEDOZ","32N",53,true,"17007",
97255,97255,"SK2151-20251113-ARN-GOT","2025-11-13","08:10:00","2025-11-13","09:09:00","SEDOZ","32N",59,false,"17007",
97255,97255,"SK1783-20251113-TLL-ARN","2025-11-13","06:47:00","2025-11-13","06:58:00","SEDOZ","32N",71,false,"17007",
97255,97255,"SK1744-20251112-ARN-TLL","2025-11-12","13:05:00","2025-11-12","15:04:00","SERUB","32N",59,false,"17007",
97255,97255,"SK0142-20251112-GOT-ARN","2025-11-12","09:34:00","2025-11-12","10:37:00","SEROB","32N",63,false,"17007",
97255,97255,"SK2151-20251112-ARN-GOT","2025-11-12","08:07:00","2025-11-12","09:05:00","SEROB","32N",58,true,"17007",
97255,97255,"SK0580-20251106-CDG-ARN","2025-11-06","20:19:00","2025-11-06","22:38:00","SERON","32N",139,true,"16933",
97255,97255,"SK0579-20251106-ARN-CDG","2025-11-06","16:52:00","2025-11-06","19:33:00","SERON","32N",161,false,"16933",
97255,97255,"SK1428-20251105-CPH-ARN","2025-11-05","23:05:00","2025-11-06","00:15:00","SEROY","32N",70,false,"16933",
97255,97255,"SK1427-20251105-ARN-CPH","2025-11-05","20:52:00","2025-11-05","22:10:00","SEROY","32N",78,true,"16933",
97255,97255,"SK0013-20251105-LLA-ARN","2025-11-05","17:42:00","2025-11-05","19:00:00","LNRGO","32N",78,true,"16933",
97255,97255,"SK0020-20251104-ARN-LLA","2025-11-04","22:03:00","2025-11-04","23:19:00","SEROY","32N",76,false,"16933",
97255,97255,"SK0019-20251104-LLA-ARN","2025-11-04","19:49:00","2025-11-04","21:20:00","SEROY","32N",91,false,"16933",
97255,97255,"SK0016-20251104-ARN-LLA","2025-11-04","17:56:00","2025-11-04","19:20:00","SEROY","32N",84,true,"16933",
97255,97255,"SK1804-20251102-AGP-ARN","2025-11-02","18:47:00","2025-11-02","22:58:00","SEROU","32N",251,true,"11829",
97255,97255,"SK1803-20251102-ARN-AGP","2025-11-02","13:35:00","2025-11-02","17:53:00","SEROU","32N",258,false,"11829",
97255,97255,"SK1410-20251031-CPH-ARN","2025-10-31","21:24:00","2025-10-31","22:27:00","SEROS","32N",63,true,"10140",
97255,97255,"SK1409-20251031-ARN-CPH","2025-10-31","19:13:00","2025-10-31","20:22:00","SEROS","32N",69,false,"10140",
97255,97255,"SK1408-20251031-CPH-ARN","2025-10-31","17:24:00","2025-10-31","18:32:00","SEROS","32N",68,false,"10140",
97255,97255,"SK1407-20251031-ARN-CPH","2025-10-31","15:06:00","2025-10-31","16:23:00","SEROS","32N",77,true,"10140",
97255,97255,"SK1047-20251030-KRN-ARN","2025-10-30","20:06:00","2025-10-30","21:56:00","SEROT","32N",110,false,"10188",
97255,97255,"SK1044-20251030-ARN-KRN","2025-10-30","17:59:00","2025-10-30","19:36:00","SEROT","32N",97,false,"10188",
97255,97255,"SK0011-20251030-LLA-ARN","2025-10-30","15:29:00","2025-10-30","17:02:00","SEROT","32N",93,true,"10188",
97255,97255,"SK0010-20251030-ARN-LLA","2025-10-30","13:42:00","2025-10-30","14:56:00","SEROT","32N",74,true,"10188",
97255,97255,"SK1420-20251029-CPH-ARN","2025-10-29","11:41:00","2025-10-29","12:51:00","SEROT","32N",70,false,"49913",
97255,97255,"SK1419-20251029-ARN-CPH","2025-10-29","09:55:00","2025-10-29","10:57:00","SEROT","32N",62,true,"49913",
97255,97255,"SK1416-20251029-CPH-ARN","2025-10-29","07:58:00","2025-10-29","09:16:00","SEROT","32N",78,true,"49913",
97255,97255,"SK1415-20251029-ARN-CPH","2025-10-29","06:25:00","2025-10-29","07:30:00","SEROT","32N",65,false,"49913",
97255,97255,"SK1415-20251029-ARN-ARN","2025-10-29","05:57:00","2025-10-29","06:11:00","SEROT","32N",14,false,"49913",
97255,97255,"SK7908-20251026-RHO-ARN","2025-10-26","11:17:00","2025-10-26","14:24:00","SEROG","32N",247,false,"11613",
97255,97255,"SK7907-20251026-ARN-RHO","2025-10-26","05:31:00","2025-10-26","10:12:00","SEROG","32N",221,true,"11613",
97255,97255,"SK0574-20251025-CDG-ARN","2025-10-25","11:51:00","2025-10-25","14:17:00","SEROS","32N",146,false,"11613",
97255,97255,"SK0573-20251025-ARN-CDG","2025-10-25","07:28:00","2025-10-25","10:19:00","SEROS","32N",171,true,"11613",
97255,97255,"SK2860-20251024-NAP-ARN","2025-10-24","13:40:00","2025-10-24","16:45:00","SEROS","32N",185,false,"19157",
97255,97255,"SK2859-20251024-ARN-NAP","2025-10-24","09:41:00","2025-10-24","12:44:00","SEROS","32N",183,true,"19157",
97255,97255,"SK0075-20251024-OSD-ARN","2025-10-24","06:08:00","2025-10-24","07:14:00","OYKAS","320",66,false,"11613",
97255,97255,"SK2064-20251023-ARN-OSD","2025-10-23","14:05:00","2025-10-23","15:02:00","SEROB","32N",57,false,"11613",
97255,97255,"SK0007-20251023-LLA-ARN","2025-10-23","12:01:00","2025-10-23","13:16:00","SEROB","32N",75,false,"11613",
97255,97255,"SK0006-20251023-ARN-LLA","2025-10-23","10:15:00","2025-10-23","11:31:00","SEROB","32N",76,true,"11613",
97255,97255,"SK0480-20251023-OSL-ARN","2025-10-23","08:31:00","2025-10-23","09:28:00","SEROF","32N",57,true,"11613",
97255,97255,"SK0485-20251023-ARN-OSL","2025-10-23","07:01:00","2025-10-23","08:10:00","SEROF","32N",69,false,"11613",
97255,97255,"SK0486-20251018-OSL-ARN","2025-10-18","12:42:00","2025-10-18","13:35:00","SEROM","32N",53,true,"14635",
97255,97255,"SK0489-20251018-ARN-OSL","2025-10-18","10:51:00","2025-10-18","11:53:00","SEROM","32N",62,true,"14635",
97255,97255,"SK2005-20251018-LLA-ARN","2025-10-18","08:42:00","2025-10-18","09:55:00","SEROM","32N",73,true,"14635",
97255,97255,"SK2004-20251018-ARN-LLA","2025-10-18","07:01:00","2025-10-18","08:16:00","SEROM","32N",75,false,"14635",
97255,97255,"SK1771-20251018-TLL-ARN","2025-10-18","06:17:00","2025-10-18","06:27:00","LNRGO","32N",70,false,"14635",
97255,97255,"SK1744-20251017-ARN-TLL","2025-10-17","14:05:00","2025-10-17","15:59:00","SEROX","32N",54,false,"14635",
97255,97255,"SK1491-20251017-TOS-ARN","2025-10-17","10:18:00","2025-10-17","12:19:00","SEROS","32N",121,false,"14635",
97255,97255,"SK1492-20251017-ARN-TOS","2025-10-17","07:53:00","2025-10-17","09:45:00","SEROS","32N",112,true,"14635",
97255,97255,"SK1771-20251017-TLL-ARN","2025-10-17","06:49:00","2025-10-17","06:44:00","SERUA","32N",55,true,"14635",
97255,97255,"SK1744-20251016-ARN-TLL","2025-10-16","13:57:00","2025-10-16","15:51:00","SERZB","32N",54,false,"14635",
97255,97255,"SK2646-20251016-HAM-ARN","2025-10-16","11:36:00","2025-10-16","13:02:00","SERZB","32N",86,true,"41558",
97255,97255,"SK2645-20251016-ARN-HAM","2025-10-16","09:22:00","2025-10-16","10:51:00","SERZB","32N",89,false,"41558",
97255,97255,"SK0003-20251016-LLA-ARN","2025-10-16","06:49:00","2025-10-16","08:19:00","SERZB","32N",90,false,"41558",
97255,97255,"SK0006-20251015-ARN-LLA","2025-10-15","10:08:00","2025-10-15","11:32:00","SERZB","32N",84,true,"41558",
97255,97255,"SK0480-20251015-OSL-ARN","2025-10-15","08:39:00","2025-10-15","09:39:00","SERZB","32N",60,true,"41558",
97255,97255,"SK0485-20251015-ARN-OSL","2025-10-15","06:53:00","2025-10-15","07:50:00","LNRGL","32N",57,false,"41558",
97255,97255,"SK1430-20250925-CPH-ARN","2025-09-25","19:09:00","2025-09-25","20:22:00","OYKAS","320",73,true,"41380",
97255,97255,"SK1429-20250925-ARN-CPH","2025-09-25","17:13:00","2025-09-25","18:19:00","OYKAS","320",66,false,"41380",
97255,97255,"SK1745-20250925-TLL-ARN","2025-09-25","16:30:00","2025-09-25","16:31:00","OYKAS","320",61,false,"41380",
97255,97255,"SK1772-20250924-ARN-TLL","2025-09-24","21:49:00","2025-09-24","23:48:00","SEDOZ","32N",59,true,"41380",
97255,97255,"SK1556-20250924-AMS-ARN","2025-09-24","18:54:00","2025-09-24","21:02:00","SEDOZ","32N",128,true,"41380",
97255,97255,"SK1555-20250924-ARN-AMS","2025-09-24","16:25:00","2025-09-24","18:13:00","SEDOZ","32N",108,false,"41380",
97255,97255,"SK1558-20250923-AMS-ARN","2025-09-23","21:28:00","2025-09-23","23:33:00","SERZD","32N",125,false,"22931",
97255,97255,"SK1557-20250923-ARN-AMS","2025-09-23","18:54:00","2025-09-23","20:51:00","SERZD","32N",117,true,"22931",
97255,97255,"SK1017-20250923-SFT-ARN","2025-09-23","15:46:00","2025-09-23","16:57:00","LNRGO","32N",71,true,"22931",
97255,97255,"SK1018-20250922-ARN-SFT","2025-09-22","21:41:00","2025-09-22","22:49:00","SEROS","32N",68,false,"22931",
97255,97255,"SK1021-20250922-SFT-ARN","2025-09-22","19:45:00","2025-09-22","20:51:00","SEROS","32N",66,false,"22931",
97255,97255,"SK1020-20250922-ARN-SFT","2025-09-22","18:09:00","2025-09-22","19:22:00","SEROS","32N",73,true,"22931",
97255,97255,"SK2065-20250922-OSD-ARN","2025-09-22","16:02:00","2025-09-22","17:02:00","SEROS","32N",60,true,"22931",
97255,97255,"SK2062-20250921-ARN-OSD","2025-09-21","21:49:00","2025-09-21","22:57:00","SEROT","32N",68,false,"22931",
97255,97255,"SK2690-20250921-MXP-ARN","2025-09-21","18:34:00","2025-09-21","21:07:00","SEROT","32N",153,false,"22931",
97255,97255,"SK2689-20250921-ARN-MXP","2025-09-21","14:46:00","2025-09-21","17:42:00","SEROT","32N",176,true,"22931",
97255,97255,"SK0536-20250917-DUB-ARN","2025-09-17","11:38:00","2025-09-17","15:05:00","SEROB","32N",147,true,"44236",
97255,97255,"SK0535-20250917-ARN-DUB","2025-09-17","09:03:00","2025-09-17","11:02:00","SEROB","32N",179,false,"44236",
97255,97255,"SK0075-20250917-OSD-ARN","2025-09-17","06:06:00","2025-09-17","07:10:00","SEROJ","32N",64,false,"44236",
97255,97255,"SK2064-20250916-ARN-OSD","2025-09-16","14:10:00","2025-09-16","15:06:00","LNRGO","32N",56,true,"44236",
97255,97255,"SK1420-20250916-CPH-ARN","2025-09-16","12:02:00","2025-09-16","13:09:00","LNRGO","32N",67,true,"44236",
97255,97255,"SK1208-20250916-AAL-CPH","2025-09-16","09:44:00","2025-09-16","10:28:00","SEROE","32N",44,true,"44236",
97255,97255,"SK1207-20250916-CPH-AAL","2025-09-16","08:30:00","2025-09-16","09:21:00","SEROE","32N",51,false,"44236",
97255,97255,"SK1202-20250916-AAL-CPH","2025-09-16","07:03:00","2025-09-16","07:55:00","SEROE","32N",52,true,"44236",
97255,97255,"SK1213-20250915-CPH-AAL","2025-09-15","13:12:00","2025-09-15","14:10:00","OYKBO","319",58,true,"44236",
97255,97255,"SK0453-20250915-OSL-CPH","2025-09-15","10:25:00","2025-09-15","11:30:00","SERZB","32N",65,true,"44236",
97255,97255,"SK0452-20250915-CPH-OSL","2025-09-15","08:36:00","2025-09-15","09:48:00","SERZB","32N",72,false,"44236",
97255,97255,"SK1228-20250915-AAL-CPH","2025-09-15","06:21:00","2025-09-15","07:21:00","SEROD","32N",60,false,"44236",
97255,97255,"SK1213-20250914-CPH-AAL","2025-09-14","14:02:00","2025-09-14","14:43:00","SEDOX","32N",41,true,"44236",
97255,97255,"SK0565-20250914-CPH-CPH","2025-09-14","08:23:00","2025-09-14","09:38:00","SEROR","32N",75,true,"44236",
97255,97255,"SK1407-20250913-ARN-CPH","2025-09-13","15:15:00","2025-09-13","16:21:00","OYKBP","319",66,false,"44236",
97255,97255,"SK1832-20250913-SPU-ARN","2025-09-13","10:11:00","2025-09-13","12:41:00","SEROS","32N",150,false,"44236",
97255,97255,"SK1831-20250913-ARN-SPU","2025-09-13","06:30:00","2025-09-13","09:21:00","SEROS","32N",171,true,"44236",
97255,97255,"SK0164-20250908-GOT-ARN","2025-09-08","18:08:00","2025-09-08","19:08:00","SEROB","32N",60,false,"44137",
97255,97255,"SK0163-20250908-ARN-GOT","2025-09-08","16:41:00","2025-09-08","17:33:00","SEROB","32N",52,true,"44137",
97255,97255,"SK0009-20250908-LLA-ARN","2025-09-08","13:27:00","2025-09-08","14:46:00","SEROF","32N",79,true,"44137",
97255,97255,"SK0020-20250907-ARN-LLA","2025-09-07","21:20:00","2025-09-07","22:31:00","SEROF","32N",71,true,"44137",
97255,97255,"SK0886-20250907-OSL-ARN","2025-09-07","19:50:00","2025-09-07","20:49:00","SEROF","32N",59,true,"44137",
97255,97255,"SK0885-20250907-ARN-OSL","2025-09-07","17:57:00","2025-09-07","18:58:00","SEROF","32N",61,true,"44137",
97255,97255,"SK7023-20250907-AJR-ARN","2025-09-07","16:03:00","2025-09-07","17:14:00","SEROT","32N",71,true,"18939",
97255,97255,"SK9074-20250907-LLA-AJR","2025-09-07","14:51:00","2025-09-07","15:25:00","SEROT","32N",34,false,"18939",
97255,97255,"SK0002-20250906-ARN-LLA","2025-09-06","18:17:00","2025-09-06","19:39:00","SEROG","32N",82,true,"15545",
97255,97255,"SK0011-20250906-LLA-ARN","2025-09-06","16:11:00","2025-09-06","17:33:00","SEROG","32N",82,false,"15545",
97255,97255,"SK0020-20250905-ARN-LLA","2025-09-05","21:43:00","2025-09-05","22:56:00","SEROF","32N",73,false,"15545",
97255,97255,"SK0019-20250905-LLA-ARN","2025-09-05","19:37:00","2025-09-05","21:02:00","SEROF","32N",85,true,"15545",
97255,97255,"SK0016-20250905-ARN-LLA","2025-09-05","17:58:00","2025-09-05","19:12:00","SEROF","32N",74,false,"15545",
97255,97255,"SK1460-20250901-CPH-OSL","2025-09-01","15:36:00","2025-09-01","16:46:00","SEROF","32N",70,false,"19032",
97255,97255,"SK1469-20250901-OSL-CPH","2025-09-01","13:34:00","2025-09-01","14:46:00","SEROF","32N",72,true,"19032",
97255,97255,"SK0260-20250901-BGO-OSL","2025-09-01","10:33:00","2025-09-01","11:21:00","SERZE","32N",48,false,"31815",
97255,97255,"SK0255-20250901-OSL-BGO","2025-09-01","09:11:00","2025-09-01","10:03:00","SERZE","32N",52,false,"31815",
97255,97255,"SK4008-20250901-SVG-OSL","2025-09-01","07:23:00","2025-09-01","08:23:00","SERZD","32N",60,true,"31815",
97255,97255,"SK7372-20250831-RHO-SVG","2025-08-31","13:49:00","2025-08-31","16:52:00","SEROJ","32N",243,true,"31815",
97255,97255,"SK7371-20250831-SVG-RHO","2025-08-31","07:18:00","2025-08-31","12:20:00","SEROJ","32N",242,false,"31815",
97255,97255,"SK4762-20250830-SPU-SVG","2025-08-30","11:55:00","2025-08-30","14:23:00","SERUD","32N",148,false,"31815",
97255,97255,"SK4763-20250830-SVG-SPU","2025-08-30","08:10:00","2025-08-30","10:55:00","SERUD","32N",165,true,"31815",
97255,97255,"SK2550-20250828-MAN-ARN","2025-08-28","19:37:00","2025-08-28","22:42:00","SEDOZ","32N",125,true,"19526",
97255,97255,"SK2549-20250828-ARN-MAN","2025-08-28","17:41:00","2025-08-28","19:02:00","SEDOZ","32N",141,false,"19526",
97255,97255,"SK1488-20250825-OSL-ARN","2025-08-25","21:00:00","2025-08-25","21:52:00","SERON","32N",52,false,"10979",
97255,97255,"SK0493-20250825-ARN-OSL","2025-08-25","19:22:00","2025-08-25","20:15:00","SEROL","32N",53,true,"10979",
97255,97255,"SK0013-20250825-LLA-ARN","2025-08-25","17:32:00","2025-08-25","18:50:00","SEROL","32N",78,true,"10979",
97255,97255,"SK0012-20250825-ARN-LLA","2025-08-25","15:45:00","2025-08-25","17:01:00","SEROL","32N",76,false,"10979",
97255,97255,"SK0009-20250825-LLA-ARN","2025-08-25","13:44:00","2025-08-25","15:04:00","SEROL","32N",80,false,"10979",
97255,97255,"SK0022-20250824-ARN-LLA","2025-08-24","22:18:00","2025-08-24","23:35:00","SEROT","32N",77,true,"10979",
97255,97255,"SK2648-20250824-HAM-ARN","2025-08-24","19:48:00","2025-08-24","21:21:00","SEROT","32N",93,true,"10979",
97255,97255,"SK2647-20250824-ARN-HAM","2025-08-24","17:32:00","2025-08-24","19:09:00","SEROT","32N",97,false,"10979",
97255,97255,"SK0580-20250823-CDG-ARN","2025-08-23","21:12:00","2025-08-23","23:49:00","SEROC","32N",157,false,"10979",
97255,97255,"SK0579-20250823-ARN-CDG","2025-08-23","18:06:00","2025-08-23","20:31:00","SEROC","32N",145,true,"10979",
97255,97255,"SK0690-20250820-LIN-ARN","2025-08-20","13:01:00","2025-08-20","15:34:00","SEROU","32N",153,false,"11755",
97255,97255,"SK0689-20250820-ARN-LIN","2025-08-20","09:29:00","2025-08-20","12:13:00","SEROU","32N",164,true,"11755",
97255,97255,"SK1011-20250820-SFT-ARN","2025-08-20","06:11:00","2025-08-20","07:28:00","SEROF","32N",77,true,"11755",
97255,97255,"SK1016-20250819-ARN-SFT","2025-08-19","14:13:00","2025-08-19","15:18:00","SEROO","32N",65,false,"11755",
97255,97255,"SK0007-20250819-LLA-ARN","2025-08-19","11:58:00","2025-08-19","13:20:00","SEROO","32N",82,false,"14846",
97255,97255,"SK0006-20250819-ARN-LLA","2025-08-19","10:14:00","2025-08-19","11:27:00","SEROO","32N",73,false,"14846",
97255,97255,"SK0480-20250819-OSL-ARN","2025-08-19","08:29:00","2025-08-19","09:28:00","SEROO","32N",59,true,"14846",
97255,97255,"SK0485-20250819-ARN-OSL","2025-08-19","06:54:00","2025-08-19","07:57:00","SEROO","32N",63,false,"14846",
97255,97255,"SK1017-20250815-SFT-ARN","2025-08-15","15:38:00","2025-08-15","16:49:00","SEDOZ","32N",71,false,"19157",
97255,97255,"SK1016-20250815-ARN-SFT","2025-08-15","14:04:00","2025-08-15","15:09:00","SEDOZ","32N",65,true,"19157",
97255,97255,"SK2646-20250815-HAM-ARN","2025-08-15","11:35:00","2025-08-15","12:57:00","SEDOZ","32N",82,true,"19157",
97255,97255,"SK2645-20250815-ARN-HAM","2025-08-15","09:20:00","2025-08-15","10:48:00","SEDOZ","32N",88,false,"19157",
97255,97255,"SK0003-20250815-LLA-ARN","2025-08-15","06:51:00","2025-08-15","08:10:00","SEDOZ","32N",79,true,"19157",
97255,97255,"SK0010-20250814-ARN-LLA","2025-08-14","13:53:00","2025-08-14","15:06:00","SEROB","32N",73,false,"19157",
97255,97255,"SK2646-20250814-HAM-ARN","2025-08-14","11:27:00","2025-08-14","13:06:00","SEROB","32N",99,true,"19157",
97255,97255,"SK2645-20250814-ARN-HAM","2025-08-14","09:12:00","2025-08-14","10:36:00","SEROB","32N",84,true,"19157",
97255,97255,"SK0556-20250813-AMS-ARN","2025-08-13","13:35:00","2025-08-13","15:33:00","SEROO","32N",118,false,"15545",
97255,97255,"SK1553-20250813-ARN-AMS","2025-08-13","10:39:00","2025-08-13","12:39:00","SEROO","32N",120,true,"15545",
97255,97255,"SK1553-20250813-ARN-ARN","2025-08-13","08:07:00","2025-08-13","09:36:00","SEROO","32N",89,false,"15545",
97255,97255,"SK0001-20250813-LLA-ARN","2025-08-13","05:55:00","2025-08-13","07:17:00","SEDOX","32N",82,true,"15545",
97255,97255,"SK1004-20250812-ARN-LLA","2025-08-12","08:13:00","2025-08-12","09:36:00","SEROR","32N",83,true,"15545",
97255,97255,"SK1771-20250812-TLL-ARN","2025-08-12","06:52:00","2025-08-12","07:01:00","SEROR","32N",69,false,"15545",
97255,97255,"SK0005-20250811-LLA-ARN","2025-08-11","09:57:00","2025-08-11","11:11:00","SEROU","32N",74,true,"15545",
97255,97255,"SK1004-20250811-ARN-LLA","2025-08-11","08:15:00","2025-08-11","09:25:00","SEROU","32N",70,false,"15545",
97255,97255,"SK1826-20250807-SPU-ARN","2025-08-07","19:29:00","2025-08-07","22:18:00","LNRGO","32N",169,true,"17539",
97255,97255,"SK1825-20250807-ARN-SPU","2025-08-07","16:05:00","2025-08-07","18:44:00","LNRGO","32N",159,false,"17539",
97255,97255,"SK4746-20250806-BRU-OSL","2025-08-06","19:15:00","2025-08-06","21:10:00","LNRGL","32N",115,false,"18939",
97255,97255,"SK4745-20250806-OSL-BRU","2025-08-06","16:25:00","2025-08-06","18:20:00","LNRGL","32N",115,true,"18939",
97255,97255,"SK4674-20250805-ALC-OSL","2025-08-05","20:18:00","2025-08-05","23:53:00","OYKAW","320",215,true,"18939",
97255,97255,"SK4673-20250805-OSL-ALC","2025-08-05","15:42:00","2025-08-05","19:27:00","OYKAW","320",225,false,"18939",
97255,97255,"SK4604-20250804-DUB-OSL","2025-08-04","19:25:00","2025-08-04","22:20:00","SERUE","32N",115,false,"18939",
97255,97255,"SK4603-20250804-OSL-DUB","2025-08-04","17:21:00","2025-08-04","18:47:00","SERUE","32N",146,true,"18939",
97255,97255,"SK1834-20250728-ATH-ARN","2025-07-28","12:03:00","2025-07-28","14:24:00","SEDOZ","32N",201,false,"11613",
97255,97255,"SK1833-20250728-ARN-ATH","2025-07-28","05:56:00","2025-07-28","11:14:00","SEDOZ","32N",258,true,"11613",
97255,97255,"SK7644-20250727-RHO-ARN","2025-07-27","11:55:00","2025-07-27","14:49:00","LNRGM","32N",234,true,"17617",
97255,97255,"SK7643-20250727-ARN-RHO","2025-07-27","05:58:00","2025-07-27","10:58:00","LNRGM","32N",240,false,"17617",
97255,97255,"SK0005-20250726-LLA-ARN","2025-07-26","13:43:00","2025-07-26","15:06:00","LNRGM","32N",83,false,"17617",
97255,97255,"SK1004-20250726-ARN-LLA","2025-07-26","11:56:00","2025-07-26","13:07:00","LNRGM","32N",71,true,"17617",
97255,97255,"SK1418-20250726-CPH-ARN","2025-07-26","09:27:00","2025-07-26","10:36:00","LNRGM","32N",69,true,"17617",
97255,97255,"SK1417-20250726-ARN-CPH","2025-07-26","07:36:00","2025-07-26","08:39:00","LNRGM","32N",63,true,"17617",
97255,97255,"SK1484-20250722-OSL-ARN","2025-07-22","21:57:00","2025-07-22","22:52:00","SERZA","32N",55,true,"15226",
97255,97255,"SK1483-20250722-ARN-OSL","2025-07-22","20:14:00","2025-07-22","21:07:00","SERZA","32N",53,false,"15226",
97255,97255,"SK0019-20250722-LLA-ARN","2025-07-22","18:15:00","2025-07-22","19:32:00","SERZA","32N",77,false,"15226",
97255,97255,"SK0016-20250722-ARN-LLA","2025-07-22","16:29:00","2025-07-22","17:43:00","SERZA","32N",74,true,"15226",
97255,97255,"SK0580-20250721-CDG-ARN","2025-07-21","20:51:00","2025-07-21","23:16:00","SEROA","32N",145,true,"15226",
97255,97255,"SK0579-20250721-ARN-CDG","2025-07-21","17:07:00","2025-07-21","19:49:00","SEROA","32N",162,false,"15226",
97255,97255,"SK1824-20250719-SKG-ARN","2025-07-19","21:30:00","2025-07-19","23:44:00","SEDOZ","32N",194,false,"15483",
97255,97255,"SK1823-20250719-ARN-SKG","2025-07-19","16:37:00","2025-07-19","20:42:00","SEDOZ","32N",185,true,"15483",
97255,97255,"SK7610-20250718-ZTH-ARN","2025-07-18","20:51:00","2025-07-18","23:30:00","SEROU","32N",219,false,"11038",
97255,97255,"SK7609-20250718-ARN-ZTH","2025-07-18","15:32:00","2025-07-18","20:06:00","SEROU","32N",214,true,"11038",
97255,97255,"SK4097-20250713-EVE-OSL","2025-07-13","18:34:00","2025-07-13","20:11:00","SEROT","32N",97,false,"44137",
97255,97255,"SK4096-20250713-OSL-EVE","2025-07-13","16:21:00","2025-07-13","17:57:00","SEROT","32N",96,true,"44137",
97255,97255,"SK4417-20250713-TOS-OSL","2025-07-13","13:52:00","2025-07-13","15:39:00","SEROT","32N",107,true,"44137",
97255,97255,"SK7356-20250712-CHQ-TOS","2025-07-12","14:29:00","2025-07-12","18:34:00","SERZE","32N",305,true,"44137",
97255,97255,"SK7313-20250712-BOO-CHQ","2025-07-12","07:01:00","2025-07-12","13:21:00","SERZE","32N",320,false,"44137",
97255,97255,"SK0817-20250711-DUS-OSL","2025-07-11","12:47:00","2025-07-11","14:34:00","SERUP","32N",107,false,"44137",
97255,97255,"SK0816-20250711-OSL-DUS","2025-07-11","10:13:00","2025-07-11","12:00:00","SERUP","32N",107,true,"44137",
97255,97255,"SK7652-20250710-RHO-ARN","2025-07-10","12:04:00","2025-07-10","14:47:00","SEDOY","32N",223,false,"15483",
97255,97255,"SK7651-20250710-ARN-RHO","2025-07-10","06:18:00","2025-07-10","11:12:00","SEDOY","32N",234,true,"15483",
97255,97255,"SK1455-20250704-OSL-CPH","2025-07-04","09:56:00","2025-07-04","10:56:00","OYKAS","320",60,false,"29365",
97255,97255,"SK1462-20250704-CPH-OSL","2025-07-04","07:53:00","2025-07-04","08:53:00","OYKAS","320",60,true,"14873",
97255,97255,"SK1415-20250704-ARN-CPH","2025-07-04","05:52:00","2025-07-04","07:02:00","OYKAS","320",70,false,"14873",
97255,97255,"SK1771-20250626-TLL-ARN","2025-06-26","05:50:00","2025-06-26","05:50:00","SERZD","32N",60,true,"14418",
97255,97255,"SK1744-20250625-ARN-TLL","2025-06-25","13:47:00","2025-06-25","15:40:00","OYKAP","320",53,true,"14418",
97255,97255,"SK1834-20250615-ATH-ARN","2025-06-15","12:08:00","2025-06-15","14:58:00","SEROB","32N",230,false,"19218",
97255,97255,"SK1833-20250615-ARN-ATH","2025-06-15","06:24:00","2025-06-15","11:09:00","SEROB","32N",225,true,"19218",
97255,97255,"SK2031-20250613-UME-ARN","2025-06-13","19:37:00","2025-06-13","20:44:00","SERZE","32N",67,true,"11569",
97255,97255,"SK2030-20250613-ARN-UME","2025-06-13","18:05:00","2025-06-13","19:05:00","SERZE","32N",60,false,"11569",
97255,97255,"SK1017-20250613-SFT-ARN","2025-06-13","15:57:00","2025-06-13","16:59:00","SERZE","32N",62,false,"11569",
97255,97255,"SK1018-20250612-ARN-SFT","2025-06-12","21:51:00","2025-06-12","22:58:00","SERON","32N",67,true,"11569",
97255,97255,"SK1430-20250612-CPH-ARN","2025-06-12","19:16:00","2025-06-12","20:32:00","SERON","32N",76,true,"11569",
97255,97255,"SK1429-20250612-ARN-CPH","2025-06-12","17:10:00","2025-06-12","18:12:00","SERON","32N",62,false,"11569",
97255,97255,"SK1745-20250612-TLL-ARN","2025-06-12","16:21:00","2025-06-12","16:22:00","SERON","32N",61,false,"11569",
97255,97255,"SK1772-20250611-ARN-TLL","2025-06-11","22:40:00","2025-06-12","00:33:00","LNRGL","32N",53,true,"11569",
97255,97255,"SK1556-20250611-AMS-ARN","2025-06-11","20:09:00","2025-06-11","22:05:00","LNRGL","32N",116,true,"11569",
97255,97255,"SK1555-20250611-ARN-AMS","2025-06-11","17:20:00","2025-06-11","19:19:00","LNRGL","32N",119,false,"11569",
97255,97255,"SK1555-20250611-ARN-ARN","2025-06-11","16:35:00","2025-06-11","16:53:00","LNRGL","32N",18,false,"11569",
97255,97255,"SK1804-20250608-AGP-ARN","2025-06-08","11:41:00","2025-06-08","15:43:00","SEROP","32N",242,true,"14663",
97255,97255,"SK1803-20250608-ARN-AGP","2025-06-08","06:21:00","2025-06-08","10:47:00","SEROP","32N",266,false,"14663",
97255,97255,"SK1047-20250604-KRN-ARN","2025-06-04","21:00:00","2025-06-04","22:30:00","SEROY","32N",90,true,"12766",
97255,97255,"SK1044-20250604-ARN-KRN","2025-06-04","19:08:00","2025-06-04","20:30:00","SEROY","32N",82,false,"12766",
97255,97255,"SK1745-20250604-TLL-ARN","2025-06-04","16:32:00","2025-06-04","16:28:00","SERZX","32N",56,true,"12766",
97255,97255,"SK1772-20250603-ARN-TLL","2025-06-03","21:35:00","2025-06-03","23:30:00","SERUE","32N",55,false,"12766",
97255,97255,"SK1430-20250603-CPH-ARN","2025-06-03","19:14:00","2025-06-03","20:22:00","SEROS","32N",68,false,"12766",
97255,97255,"SK1429-20250603-ARN-CPH","2025-06-03","17:05:00","2025-06-03","18:10:00","SEROF","32N",65,true,"12766",
97255,97255,"SK1745-20250603-TLL-ARN","2025-06-03","16:21:00","2025-06-03","16:20:00","SEROF","32N",59,true,"12766",
97255,97255,"SK1772-20250602-ARN-TLL","2025-06-02","21:37:00","2025-06-02","23:33:00","OYKAP","320",56,true,"12766",
97255,97255,"SK1021-20250602-SFT-ARN","2025-06-02","19:54:00","2025-06-02","20:57:00","SEROE","32N",63,true,"12766",
97255,97255,"SK1020-20250602-ARN-SFT","2025-06-02","18:06:00","2025-06-02","19:21:00","SEROE","32N",75,false,"12766",
97255,97255,"SK2065-20250602-OSD-ARN","2025-06-02","15:45:00","2025-06-02","16:41:00","SEROC","32N",56,false,"12766",
97255,97255,"SK2062-20250601-ARN-OSD","2025-06-01","22:03:00","2025-06-01","22:57:00","SEDOX","32N",54,true,"12766",
97255,97255,"SK1556-20250601-AMS-ARN","2025-06-01","19:36:00","2025-06-01","21:19:00","SEDOX","32N",103,true,"12766",
97255,97255,"SK1555-20250601-ARN-AMS","2025-06-01","16:46:00","2025-06-01","18:48:00","SEDOX","32N",122,false,"12766",
97255,97255,"SK2860-20250531-NAP-ARN","2025-05-31","20:06:00","2025-05-31","23:10:00","OYKAU","320",184,false,"12766",
97255,97255,"SK2859-20250531-ARN-NAP","2025-05-31","16:31:00","2025-05-31","19:20:00","OYKAU","320",169,true,"12766",
97255,97255,"SK1045-20250528-KRN-ARN","2025-05-28","13:40:00","2025-05-28","15:10:00","OYKAP","320",90,false,"41558",
97255,97255,"SK1042-20250528-ARN-KRN","2025-05-28","11:41:00","2025-05-28","13:09:00","OYKAP","320",88,true,"41558",
97255,97255,"SK0480-20250528-OSL-ARN","2025-05-28","08:31:00","2025-05-28","09:21:00","LNRGO","32N",50,true,"41558",
97255,97255,"SK0485-20250528-ARN-OSL","2025-05-28","06:53:00","2025-05-28","07:52:00","LNRGO","32N",59,false,"41558",
97255,97255,"SK4123-20250526-BOO-OSL","2025-05-26","19:47:00","2025-05-26","21:14:00","SERUF","32N",87,false,"62529",
97255,97255,"SK4122-20250526-OSL-BOO","2025-05-26","17:58:00","2025-05-26","19:21:00","SERUF","32N",83,true,"62529",
97255,97255,"SK0361-20250526-TRD-OSL","2025-05-26","14:44:00","2025-05-26","15:41:00","SEROD","32N",57,true,"69865",
97255,97255,"SK4561-20250526-BOO-TRD","2025-05-26","12:58:00","2025-05-26","13:58:00","SEROD","32N",60,false,"69865",
97255,97255,"SK4561-20250526-TOS-BOO","2025-05-26","11:25:00","2025-05-26","12:21:00","SEROD","32N",56,false,"69865",
97255,97255,"SK4438-20250525-OSL-TOS","2025-05-25","20:53:00","2025-05-25","22:46:00","SERZX","32N",113,true,"69865",
97255,97255,"SK0377-20250525-TRD-OSL","2025-05-25","19:10:00","2025-05-25","20:05:00","SERZX","32N",55,true,"69865",
97255,97255,"SK0364-20250525-OSL-TRD","2025-05-25","17:39:00","2025-05-25","18:33:00","SERZX","32N",54,false,"69865",
97255,97255,"SK4764-20250524-SPU-BGO","2025-05-24","19:11:00","2025-05-24","22:13:00","OYKAW","320",182,true,"69865",
97255,97255,"SK4805-20250524-TRD-SPU","2025-05-24","15:16:00","2025-05-24","18:18:00","OYKAW","320",182,false,"69865",
97255,97255,"SK4581-20250523-BOO-TRD","2025-05-23","19:20:00","2025-05-23","20:15:00","SERUD","32N",55,false,"69865",
97255,97255,"SK4581-20250523-TOS-BOO","2025-05-23","18:02:00","2025-05-23","18:50:00","SERUD","32N",48,true,"69865",
97255,97255,"SK1834-20250519-ATH-ARN","2025-05-19","12:09:00","2025-05-19","14:56:00","SEROP","32N",227,false,"41474",
97255,97255,"SK1833-20250519-ARN-ATH","2025-05-19","06:49:00","2025-05-19","11:11:00","SEROP","32N",202,true,"41474",
97255,97255,"SK2902-20250510-FNC-ARN","2025-05-10","17:37:00","2025-05-10","23:48:00","SEROM","32N",311,true,"41474",
97255,97255,"SK2901-20250510-ARN-FNC","2025-05-10","12:22:00","2025-05-10","16:47:00","SEROM","32N",325,false,"41474",
97255,97255,"SK2064-20250509-ARN-OSD","2025-05-09","14:07:00","2025-05-09","15:04:00","SEROP","32N",57,false,"11826",
97255,97255,"SK1420-20250509-CPH-ARN","2025-05-09","11:56:00","2025-05-09","13:17:00","LNRGL","32N",81,true,"11826",
97255,97255,"SK1419-20250509-ARN-CPH","2025-05-09","10:03:00","2025-05-09","11:03:00","LNRGL","32N",60,false,"11826",
97255,97255,"SK0496-20250505-OSL-ARN","2025-05-05","13:49:00","2025-05-05","14:45:00","SEROF","32N",56,true,"100442",
97255,97255,"SK0495-20250505-ARN-OSL","2025-05-05","12:15:00","2025-05-05","13:17:00","SEROF","32N",62,true,"31814",
97255,97255,"SK0864-20250505-OSL-ARN","2025-05-05","09:21:00","2025-05-05","10:18:00","LNRGM","32N",57,true,"31814",
97255,97255,"SK0843-20250505-ARN-OSL","2025-05-05","07:41:00","2025-05-05","08:43:00","LNRGM","32N",62,false,"31814",
97255,97255,"SK1771-20250505-TLL-ARN","2025-05-05","06:48:00","2025-05-05","06:40:00","LNRGM","32N",52,false,"31814",
97255,97255,"SK1826-20250504-SPU-ARN","2025-05-04","10:36:00","2025-05-04","13:10:00","LNRGL","32N",154,true,"31814",
97255,97255,"SK1825-20250504-ARN-SPU","2025-05-04","07:03:00","2025-05-04","09:48:00","LNRGL","32N",165,false,"31814",
97255,97255,"SK0410-20250502-CPH-ARN","2025-05-02","18:54:00","2025-05-02","19:55:00","SEROO","32N",61,true,"44137",
97255,97255,"SK0407-20250502-ARN-ARN","2025-05-02","15:51:00","2025-05-02","16:06:00","LNRGM","32N",15,false,"44137",
97255,97255,"SK0407-20250502-ARN-CPH","2025-05-02","17:12:00","2025-05-02","18:23:00","SEROO","32N",71,false,"44137",
97255,97255,"SK4109-20250502-BOO-OSL","2025-05-02","11:13:00","2025-05-02","12:36:00","OYKAR","320",83,true,"44137",
97255,97255,"SK4108-20250502-OSL-BOO","2025-05-02","09:23:00","2025-05-02","10:45:00","OYKAR","320",82,true,"44137",
97255,97255,"SK0885-20250501-ARN-OSL","2025-05-01","17:42:00","2025-05-01","18:41:00","OYKAR","320",59,false,"61607",
97255,97255,"SK1017-20250501-SFT-ARN","2025-05-01","15:47:00","2025-05-01","16:45:00","OYKAU","320",58,false,"44137",
97255,97255,"SK1016-20250501-ARN-SFT","2025-05-01","14:02:00","2025-05-01","15:08:00","OYKAU","320",66,true,"44137",
97255,97255,"SK1458-20250428-CPH-OSL","2025-04-28","11:38:00","2025-04-28","12:45:00","SEROU","32N",67,false,"34718",
97255,97255,"SK1455-20250428-OSL-CPH","2025-04-28","10:01:00","2025-04-28","11:04:00","SEROU","32N",63,true,"34718",
97255,97255,"SK1462-20250428-CPH-OSL","2025-04-28","08:17:00","2025-04-28","09:29:00","SEROU","32N",72,true,"34718",
97255,97255,"SK2885-20250428-TRD-CPH","2025-04-28","05:41:00","2025-04-28","07:15:00","SEROU","32N",94,false,"34718",
97255,97255,"SK0350-20250427-OSL-TRD","2025-04-27","14:26:00","2025-04-27","15:18:00","SEROK","32N",52,true,"34718",
97255,97255,"SK4111-20250427-BOO-OSL","2025-04-27","12:18:00","2025-04-27","13:46:00","SEROK","32N",88,false,"34718",
97255,97255,"SK4106-20250427-OSL-BOO","2025-04-27","10:28:00","2025-04-27","11:53:00","SEROK","32N",85,false,"34718",
97255,97255,"SK4107-20250427-BOO-OSL","2025-04-27","07:56:00","2025-04-27","09:19:00","SEROK","32N",83,true,"34718",
97255,97255,"SK4106-20250426-OSL-BOO","2025-04-26","10:46:00","2025-04-26","12:16:00","OYKAR","320",90,true,"34718",
97255,97255,"SK4010-20250426-SVG-OSL","2025-04-26","07:41:00","2025-04-26","08:28:00","SEROA","32N",47,false,"34718",
97255,97255,"SK4049-20250425-OSL-SVG","2025-04-25","20:17:00","2025-04-25","21:03:00","SEROA","32N",46,true,"34718",
97255,97255,"SK0885-20250425-ARN-OSL","2025-04-25","17:35:00","2025-04-25","18:41:00","SERZX","32N",66,true,"34718",
97255,97255,"SK0882-20250425-OSL-ARN","2025-04-25","15:56:00","2025-04-25","16:52:00","SERZX","32N",56,false,"34718",
97255,97255,"SK1418-20250419-CPH-ARN","2025-04-19","08:54:00","2025-04-19","09:55:00","OYKBR","319",61,true,"11938",
97255,97255,"SK1228-20250419-AAL-CPH","2025-04-19","06:20:00","2025-04-19","07:07:00","OYKBR","319",47,false,"11938",
97255,97255,"SK1213-20250418-CPH-AAL","2025-04-18","13:03:00","2025-04-18","13:51:00","SEROI","32N",48,true,"11938",
97255,97255,"SK0602-20250418-ZRH-CPH","2025-04-18","10:18:00","2025-04-18","12:02:00","SEROI","32N",104,true,"11938",
97255,97255,"SK0601-20250418-CPH-ZRH","2025-04-18","07:51:00","2025-04-18","09:35:00","SEROI","32N",104,false,"11938",
97255,97255,"SK1240-20250418-AAR-CPH","2025-04-18","06:17:00","2025-04-18","06:52:00","SEROI","32N",35,false,"11938",
97255,97255,"SK1257-20250417-CPH-AAR","2025-04-17","14:41:00","2025-04-17","15:14:00","OYKBR","319",33,true,"11938",
97255,97255,"SK2692-20250417-VCE-CPH","2025-04-17","10:51:00","2025-04-17","12:44:00","SEDOZ","32N",113,true,"11938",
97255,97255,"SK2691-20250417-CPH-VCE","2025-04-17","07:49:00","2025-04-17","10:00:00","SEDOZ","32N",131,false,"11938",
97255,97255,"SK0552-20250416-AMS-CPH","2025-04-16","10:26:00","2025-04-16","11:40:00","SEROD","32N",74,false,"11938",
97255,97255,"SK2551-20250416-CPH-AMS","2025-04-16","08:14:00","2025-04-16","09:43:00","SEROD","32N",89,true,"11938",
97255,97255,"SK1461-20250416-OSL-CPH","2025-04-16","05:50:00","2025-04-16","07:05:00","SEROD","32N",75,true,"11938",
97255,97255,"SK4107-20250415-BOO-OSL","2025-04-15","10:31:00","2025-04-15","11:59:00","SEROK","32N",88,true,"11938",
97255,97255,"SK4104-20250415-OSL-BOO","2025-04-15","08:33:00","2025-04-15","09:55:00","SEROK","32N",82,false,"11938",
97255,97255,"SK0481-20250415-ARN-OSL","2025-04-15","05:50:00","2025-04-15","06:47:00","SEROY","32N",57,false,"11938",
97255,97255,"SK1916-20250414-FLR-ARN","2025-04-14","10:12:00","2025-04-14","12:46:00","SEROA","32N",154,true,"16884",
97255,97255,"SK1915-20250414-ARN-FLR","2025-04-14","06:20:00","2025-04-14","09:16:00","SEROA","32N",176,false,"16884",
97255,97255,"SK1424-20250411-CPH-ARN","2025-04-11","15:34:00","2025-04-11","16:53:00","LNRGM","32N",79,false,"23315",
97255,97255,"SK0566-20250411-CDG-CPH","2025-04-11","11:11:00","2025-04-11","13:13:00","SEROE","32N",122,false,"25246",
97255,97255,"SK0565-20250411-CPH-CDG","2025-04-11","08:13:00","2025-04-11","10:08:00","SEROE","32N",115,true,"25246",
97255,97255,"SK2962-20250410-FLR-CPH","2025-04-10","12:13:00","2025-04-10","14:38:00","OYKBP","319",145,true,"22758",
97255,97255,"SK2961-20250410-CPH-FLR","2025-04-10","09:05:00","2025-04-10","11:11:00","OYKBP","319",126,false,"22758",
97255,97255,"SK0461-20250409-OSL-CPH","2025-04-09","17:53:00","2025-04-09","18:52:00","OYKBP","319",59,false,"35339",
97255,97255,"SK4608-20250409-MAN-OSL","2025-04-09","13:53:00","2025-04-09","16:54:00","SERUD","32N",121,false,"38266",
97255,97255,"SK4609-20250409-OSL-MAN","2025-04-09","12:08:00","2025-04-09","13:00:00","SERUD","32N",112,true,"38266",
97255,97255,"SK1472-20250408-CPH-OSL","2025-04-08","20:55:00","2025-04-08","21:59:00","LNRGO","32N",64,true,"25189",
97255,97255,"SK1477-20250408-OSL-CPH","2025-04-08","19:02:00","2025-04-08","20:04:00","LNRGO","32N",62,false,"25189",
97255,97255,"SK0280-20250408-BGO-OSL","2025-04-08","17:22:00","2025-04-08","18:13:00","LNRGO","32N",51,false,"63457",
97255,97255,"SK0273-20250408-OSL-BGO","2025-04-08","16:05:00","2025-04-08","16:55:00","LNRGO","32N",50,false,"63457",
97255,97255,"SK1472-20250407-CPH-OSL","2025-04-07","21:22:00","2025-04-07","22:30:00","SERUE","32N",68,true,"63457",
97255,97255,"SK1477-20250407-OSL-CPH","2025-04-07","19:45:00","2025-04-07","20:48:00","SERUE","32N",63,false,"63457",
97255,97255,"SK2303-20250407-OSL-KSU","2025-04-07","14:02:00","2025-04-07","14:59:00","SEROT","32N",57,true,"44137",
97255,97255,"SK0495-20250407-ARN-OSL","2025-04-07","12:08:00","2025-04-07","13:07:00","SEROT","32N",59,true,"44137",
97255,97255,"SK1488-20250403-OSL-ARN","2025-04-03","21:10:00","2025-04-03","22:04:00","SEROF","32N",54,false,"11569",
97255,97255,"SK1926-20250403-AAR-OSL","2025-04-03","18:46:00","2025-04-03","19:39:00","SERZE","32N",53,false,"11569",
97255,97255,"SK1927-20250403-OSL-AAR","2025-04-03","16:58:00","2025-04-03","17:58:00","SERZE","32N",60,true,"11569",
97255,97255,"SK1321-20250403-AES-OSL","2025-04-03","13:49:00","2025-04-03","14:40:00","SEROL","32N",51,true,"11569",
97255,97255,"SK1330-20250402-OSL-AES","2025-04-02","20:09:00","2025-04-02","21:03:00","SEROZ","32N",54,true,"11569",
97255,97255,"SK0462-20250402-CPH-OSL","2025-04-02","18:08:00","2025-04-02","19:19:00","SEROZ","32N",71,false,"11569",
97255,97255,"SK1419-20250401-ARN-CPH","2025-04-01","09:49:00","2025-04-01","10:56:00","SEROF","32N",67,false,"11569",
97255,97255,"SK1416-20250401-CPH-ARN","2025-04-01","07:57:00","2025-04-01","09:09:00","SEROF","32N",72,true,"41389",
97255,97255,"SK1415-20250401-ARN-CPH","2025-04-01","05:56:00","2025-04-01","07:10:00","SEROF","32N",74,false,"41389",
97255,97255,"SK1128-20250330-RNB-ARN","2025-03-30","19:26:00","2025-03-30","20:13:00","OYKAW","320",47,true,"14418",
97255,97255,"SK1127-20250330-ARN-RNB","2025-03-30","17:44:00","2025-03-30","18:35:00","OYKAW","320",51,false,"14418",
97255,97255,"SK0051-20250330-SDL-ARN","2025-03-30","15:33:00","2025-03-30","16:26:00","OYKAW","320",53,false,"11569",
97255,97255,"SK0052-20250330-ARN-SDL","2025-03-30","14:04:00","2025-03-30","14:48:00","OYKAW","320",44,true,"11569",
97255,97255,"SK0019-20250326-LLA-ARN","2025-03-26","19:27:00","2025-03-26","20:51:00","SEROO","32N",84,true,"15892",
97255,97255,"SK0016-20250326-ARN-LLA","2025-03-26","17:40:00","2025-03-26","19:00:00","SEROO","32N",80,true,"15892",
97255,97255,"SK0011-20250326-LLA-ARN","2025-03-26","15:16:00","2025-03-26","16:31:00","SEROO","32N",75,false,"15892",
97255,97255,"SK0020-20250325-ARN-LLA","2025-03-25","21:56:00","2025-03-25","23:09:00","SEROF","32N",73,false,"15892",
97255,97255,"SK0019-20250325-LLA-ARN","2025-03-25","19:27:00","2025-03-25","20:42:00","SEROF","32N",75,true,"15892",
97255,97255,"SK0016-20250325-ARN-LLA","2025-03-25","17:40:00","2025-03-25","18:58:00","SEROF","32N",78,true,"15892",
97255,97255,"SK0011-20250325-LLA-ARN","2025-03-25","15:10:00","2025-03-25","16:30:00","SEROF","32N",80,false,"15892",
97255,97255,"SK0002-20250324-ARN-LLA","2025-03-24","19:51:00","2025-03-24","21:16:00","SEROP","32N",85,false,"15892",
97255,97255,"SK9249-20250322-ARN-OSL","2025-03-22","08:59:00","2025-03-22","09:53:00","OYKBT","319",54,false,"11863",
97255,97255,"SK0690-20250321-LIN-ARN","2025-03-21","12:53:00","2025-03-21","15:37:00","SEROF","32N",164,true,"11026",
97255,97255,"SK0689-20250321-ARN-LIN","2025-03-21","09:20:00","2025-03-21","11:58:00","SEROF","32N",158,false,"11026",
97255,97255,"SK0003-20250321-LLA-ARN","2025-03-21","07:00:00","2025-03-21","08:28:00","LNRGM","32N",88,false,"11026",
97255,97255,"SK0010-20250320-ARN-LLA","2025-03-20","13:27:00","2025-03-20","14:39:00","LNRGM","32N",72,true,"11026",
97255,97255,"SK0864-20250315-OSL-ARN","2025-03-15","10:05:00","2025-03-15","11:01:00","LNRGM","32N",56,false,"12204",
97255,97255,"SK0208-20250315-KRS-OSL","2025-03-15","08:21:00","2025-03-15","09:17:00","SEROZ","32N",56,true,"12204",
97255,97255,"SK0223-20250314-OSL-KRS","2025-03-14","20:06:00","2025-03-14","20:49:00","SERUO","32N",43,true,"12204",
97255,97255,"SK0284-20250314-BGO-OSL","2025-03-14","18:16:00","2025-03-14","19:13:00","SERUO","32N",57,true,"12204",
97255,97255,"SK0277-20250314-OSL-BGO","2025-03-14","16:52:00","2025-03-14","17:45:00","SERUO","32N",53,false,"12204",
97255,97255,"SK0268-20250314-BGO-OSL","2025-03-14","13:52:00","2025-03-14","14:43:00","OYKAP","320",51,false,"12204",
97255,97255,"SK0291-20250313-OSL-BGO","2025-03-13","20:27:00","2025-03-13","21:20:00","SERZD","32N",53,true,"12204",
97255,97255,"SK0284-20250313-BGO-OSL","2025-03-13","18:28:00","2025-03-13","19:20:00","SERZD","32N",52,false,"12204",
97255,97255,"SK0277-20250313-OSL-BGO","2025-03-13","17:13:00","2025-03-13","18:04:00","SERZD","32N",51,true,"12204",
97255,97255,"SK0216-20250313-KRS-OSL","2025-03-13","13:42:00","2025-03-13","14:25:00","LNRGO","32N",43,true,"12204",
97255,97255,"SK0223-20250312-OSL-KRS","2025-03-12","20:03:00","2025-03-12","20:56:00","SERUR","32N",53,true,"12204",
97255,97255,"SK0284-20250312-BGO-OSL","2025-03-12","18:25:00","2025-03-12","19:16:00","SERUR","32N",51,true,"12204",
97255,97255,"SK0277-20250312-OSL-BGO","2025-03-12","17:03:00","2025-03-12","18:00:00","SERUR","32N",57,true,"12204",
97255,97255,"SK0867-20250312-ARN-OSL","2025-03-12","14:25:00","2025-03-12","15:22:00","OYKAP","320",57,false,"12204",
97255,97255,"SK1558-20250302-AMS-ARN","2025-03-02","21:36:00","2025-03-02","23:29:00","SEROP","32N",113,false,"11422",
97255,97255,"SK1557-20250302-ARN-AMS","2025-03-02","18:25:00","2025-03-02","20:27:00","SEROP","32N",122,true,"11422",
97255,97255,"SK1772-20250301-ARN-TLL","2025-03-01","22:06:00","2025-03-01","23:58:00","SEROO","32N",52,false,"11422",
97255,97255,"SK1491-20250301-TOS-ARN","2025-03-01","19:23:00","2025-03-01","21:25:00","SEROO","32N",122,false,"11422",
97255,97255,"SK1492-20250301-ARN-TOS","2025-03-01","16:43:00","2025-03-01","18:40:00","SEROO","32N",117,true,"11422",
97255,97255,"SK1042-20250225-ARN-KRN","2025-02-25","16:25:00","2025-02-25","17:55:00","SEROR","32N",90,true,"11863",
97255,97255,"SK1045-20250225-KRN-ARN","2025-02-25","18:44:00","2025-02-25","20:23:00","SEROR","32N",99,false,"11863",
97255,97255,"SK1491-20250217-TOS-ARN","2025-02-17","10:46:00","2025-02-17","12:45:00","SEROD","32N",119,true,"38482",
97255,97255,"SK1492-20250217-ARN-TOS","2025-02-17","08:06:00","2025-02-17","10:09:00","SEROD","32N",123,false,"38482",
97255,97255,"SK2616-20250215-GVA-ARN","2025-02-15","12:44:00","2025-02-15","15:36:00","OYKAU","320",172,false,"10789",
97255,97255,"SK2615-20250215-ARN-GVA","2025-02-15","09:25:00","2025-02-15","11:57:00","OYKAU","320",152,true,"10789",
97255,97255,"SK1783-20250215-TLL-ARN","2025-02-15","06:52:00","2025-02-15","07:02:00","OYKAU","320",70,true,"10789",
97255,97255,"SK1744-20250214-ARN-TLL","2025-02-14","14:05:00","2025-02-14","15:58:00","OYKAU","320",53,true,"10789",
97255,97255,"SK0864-20250214-OSL-ARN","2025-02-14","09:30:00","2025-02-14","10:28:00","SEROR","32N",58,false,"10220",
97255,97255,"SK0843-20250214-ARN-OSL","2025-02-14","07:56:00","2025-02-14","08:57:00","SEROR","32N",61,true,"10220",
97255,97255,"SK1783-20250214-TLL-ARN","2025-02-14","06:48:00","2025-02-14","06:53:00","SEROR","32N",65,false,"10789",
97255,97255,"SK1744-20250213-ARN-TLL","2025-02-13","13:47:00","2025-02-13","15:40:00","SEROR","32N",53,false,"10789",
97255,97255,"SK0007-20250213-LLA-ARN","2025-02-13","11:27:00","2025-02-13","12:45:00","SEROR","32N",78,false,"10789",
97255,97255,"SK0006-20250213-ARN-LLA","2025-02-13","09:37:00","2025-02-13","10:55:00","SEROR","32N",78,true,"10789",
97255,97255,"SK0001-20250213-LLA-ARN","2025-02-13","05:48:00","2025-02-13","07:26:00","SEROC","32N",98,true,"10789",
97255,97255,"SK0008-20250212-ARN-LLA","2025-02-12","11:17:00","2025-02-12","12:31:00","SEROR","32N",74,false,"10789",
97255,97255,"SK1418-20250212-CPH-ARN","2025-02-12","08:51:00","2025-02-12","10:00:00","SEROR","32N",69,false,"10789",
97255,97255,"SK1417-20250212-ARN-CPH","2025-02-12","06:54:00","2025-02-12","08:08:00","SEROR","32N",74,true,"10789",
97255,97255,"SK4479-20250207-KKN-OSL","2025-02-07","21:04:00","2025-02-07","23:16:00","OYKAP","320",132,false,"68444",
97255,97255,"SK4478-20250207-OSL-KKN","2025-02-07","18:16:00","2025-02-07","20:31:00","OYKAP","320",135,true,"68444",
97255,97255,"SK0375-20250207-TRD-OSL","2025-02-07","16:30:00","2025-02-07","17:24:00","OYKAP","320",54,true,"68444",
97255,97255,"SK0362-20250207-OSL-TRD","2025-02-07","15:07:00","2025-02-07","15:56:00","OYKAP","320",49,false,"68444",
97255,97255,"SK1474-20250206-CPH-OSL","2025-02-06","22:56:00","2025-02-07","00:07:00","SEROE","32N",71,false,"68444",
97255,97255,"SK1475-20250206-OSL-CPH","2025-02-06","20:46:00","2025-02-06","21:51:00","SEROE","32N",65,true,"68444",
97255,97255,"SK4117-20250206-BOO-OSL","2025-02-06","18:02:00","2025-02-06","19:23:00","SEROK","32N",81,true,"68444",
97255,97255,"SK4116-20250206-OSL-BOO","2025-02-06","15:13:00","2025-02-06","16:48:00","SEROK","32N",95,false,"68444",
97255,97255,"SK1474-20250205-CPH-OSL","2025-02-05","22:55:00","2025-02-06","00:00:00","SERUD","32N",65,true,"68444",
97255,97255,"SK1475-20250205-OSL-CPH","2025-02-05","20:49:00","2025-02-05","21:56:00","SERUD","32N",67,false,"68444",
97255,97255,"SK2308-20250205-KSU-OSL","2025-02-05","17:45:00","2025-02-05","18:39:00","SERUO","32N",54,false,"68444",
97255,97255,"SK2309-20250204-OSL-KSU","2025-02-04","20:13:00","2025-02-04","21:09:00","SERZX","32N",56,true,"68444",
97255,97255,"SK2678-20250131-BER-ARN","2025-01-31","11:56:00","2025-01-31","13:28:00","LNRGM","32N",92,false,"16884",
97255,97255,"SK2677-20250131-ARN-BER","2025-01-31","09:25:00","2025-01-31","10:53:00","LNRGM","32N",88,true,"16884",
97255,97255,"SK0482-20250131-OSL-ARN","2025-01-31","07:32:00","2025-01-31","08:34:00","LNRGM","32N",62,true,"16884",
97255,97255,"SK0481-20250131-ARN-OSL","2025-01-31","05:49:00","2025-01-31","06:50:00","LNRGM","32N",61,false,"16884",
97255,97255,"SK1430-20250123-CPH-ARN","2025-01-23","19:21:00","2025-01-23","20:30:00","SEROA","32N",69,false,"11832",
97255,97255,"SK1429-20250123-ARN-CPH","2025-01-23","17:27:00","2025-01-23","18:38:00","SEROA","32N",71,false,"11832",
97255,97255,"SK1745-20250123-TLL-ARN","2025-01-23","16:19:00","2025-01-23","16:19:00","SEROA","32N",60,true,"11832",
97255,97255,"SK1772-20250122-ARN-TLL","2025-01-22","21:23:00","2025-01-22","23:16:00","SEROU","32N",53,false,"11832",
97255,97255,"SK1430-20250122-CPH-ARN","2025-01-22","19:24:00","2025-01-22","20:40:00","SEROX","32N",76,true,"11832",
97255,97255,"SK1429-20250122-ARN-CPH","2025-01-22","17:25:00","2025-01-22","18:38:00","SEROX","32N",73,true,"11832",
97255,97255,"SK1745-20250122-TLL-ARN","2025-01-22","16:21:00","2025-01-22","16:29:00","SEROX","32N",68,false,"11832",
97255,97255,"SK1772-20250121-ARN-TLL","2025-01-21","21:17:00","2025-01-21","23:11:00","SEROX","32N",54,true,"11832",
97255,97255,"SK1430-20250121-CPH-ARN","2025-01-21","19:26:00","2025-01-21","20:34:00","SEROU","32N",68,false,"11832",
97255,97255,"SK1429-20250121-ARN-CPH","2025-01-21","17:25:00","2025-01-21","18:29:00","SERZZ","32N",64,false,"11832",
97255,97255,"SK1745-20250121-TLL-ARN","2025-01-21","16:16:00","2025-01-21","16:13:00","SEROX","32N",57,true,"11832",
97255,97255,"SK1772-20250120-ARN-TLL","2025-01-20","21:18:00","2025-01-20","23:09:00","SEROX","32N",51,false,"11832",
97255,97255,"SK1430-20250120-CPH-ARN","2025-01-20","19:25:00","2025-01-20","20:35:00","SEROX","32N",70,true,"11832",
97255,97255,"SK1429-20250120-ARN-CPH","2025-01-20","17:25:00","2025-01-20","18:35:00","SEROX","32N",70,true,"11832",
97255,97255,"SK1745-20250120-TLL-ARN","2025-01-20","16:22:00","2025-01-20","16:21:00","SEROX","32N",59,false,"11832",
97255,97255,"SK1772-20250119-ARN-TLL","2025-01-19","21:15:00","2025-01-19","23:15:00","SEDOY","32N",60,true,"11832",
97255,97255,"SK1484-20250119-OSL-ARN","2025-01-19","18:27:00","2025-01-19","19:25:00","SEDOY","32N",58,false,"11832",
97255,97255,"SK0499-20250119-ARN-OSL","2025-01-19","16:53:00","2025-01-19","17:52:00","SEDOY","32N",59,false,"11832",
97255,97255,"SK0019-20250113-LLA-ARN","2025-01-13","19:53:00","2025-01-13","21:14:00","SEROX","32N",81,true,"10283",
97255,97255,"SK0016-20250113-ARN-LLA","2025-01-13","17:53:00","2025-01-13","19:18:00","SEROX","32N",85,false,"10283",
97255,97255,"SK1834-20250107-ATH-ARN","2025-01-07","12:16:00","2025-01-07","14:39:00","SEROX","32N",203,true,"14521",
97255,97255,"SK1833-20250107-ARN-ATH","2025-01-07","06:35:00","2025-01-07","11:28:00","SEROX","32N",233,false,"14521",
97255,97255,"SK2027-20250106-UME-ARN","2025-01-06","13:46:00","2025-01-06","14:51:00","SEDOY","32N",65,true,"10607",
97255,97255,"SK2026-20250106-ARN-UME","2025-01-06","12:22:00","2025-01-06","13:18:00","SEDOY","32N",56,false,"10607",
97255,97255,"SK1418-20250106-CPH-ARN","2025-01-06","09:04:00","2025-01-06","10:21:00","SEROO","32N",77,false,"10607",
97255,97255,"SK1417-20250106-ARN-CPH","2025-01-06","07:01:00","2025-01-06","08:14:00","SEROO","32N",73,true,"10607",
97255,97255,"SK1491-20250105-TOS-ARN","2025-01-05","10:54:00","2025-01-05","12:56:00","SEROO","32N",122,true,"15226",
97255,97255,"SK1492-20250105-ARN-TOS","2025-01-05","08:09:00","2025-01-05","10:02:00","SEROO","32N",113,true,"15226",
97255,97255,"SK1423-20250104-ARN-CPH","2025-01-04","15:02:00","2025-01-04","16:09:00","SEROF","32N",67,false,"15892",
97255,97255,"SK0558-20250104-AMS-ARN","2025-01-04","12:28:00","2025-01-04","14:15:00","SEROF","32N",107,false,"15892",
97255,97255,"SK0557-20250104-ARN-AMS","2025-01-04","08:51:00","2025-01-04","11:14:00","SEROF","32N",143,true,"15892",
97255,97255,"SK1428-20241230-CPH-ARN","2024-12-30","22:58:00","2024-12-31","00:08:00","SEROO","32N",70,true,"41420",
97255,97255,"SK1427-20241230-ARN-CPH","2024-12-30","21:05:00","2024-12-30","22:21:00","SEROO","32N",76,true,"41420",
97255,97255,"SK0488-20241230-OSL-ARN","2024-12-30","18:05:00","2024-12-30","18:58:00","SEROO","32N",53,true,"41420",
97255,97255,"SK0491-20241230-ARN-OSL","2024-12-30","16:27:00","2024-12-30","17:30:00","SEROO","32N",63,true,"41420",
97255,97255,"SK1428-20241227-CPH-ARN","2024-12-28","01:29:00","2024-12-28","02:42:00","SEROA","32N",73,false,"10607",
97255,97255,"SK1427-20241227-ARN-CPH","2024-12-27","20:57:00","2024-12-27","22:06:00","SEROA","32N",69,true,"10607",
97255,97255,"SK1043-20241227-KRN-ARN","2024-12-27","16:48:00","2024-12-27","18:15:00","OYKAU","320",87,false,"10607",
97255,97255,"SK1048-20241227-ARN-KRN","2024-12-27","14:34:00","2024-12-27","16:12:00","OYKAU","320",98,false,"10607",
97255,97255,"SK1408-20241223-CPH-ARN","2024-12-23","17:05:00","2024-12-23","18:18:00","OYKAU","320",73,false,"12676",
97255,97255,"SK1407-20241223-ARN-CPH","2024-12-23","15:11:00","2024-12-23","16:23:00","OYKAU","320",72,false,"12676",
97255,97255,"SK1420-20241223-CPH-ARN","2024-12-23","12:04:00","2024-12-23","13:12:00","OYKAW","320",68,false,"12676",
97255,97255,"SK1419-20241223-ARN-CPH","2024-12-23","09:59:00","2024-12-23","11:14:00","OYKAW","320",75,false,"12676",
97255,97255,"SK0001-20241221-LLA-ARN","2024-12-21","07:00:00","2024-12-21","08:45:00","SEROF","32N",105,true,"19218",
97255,97255,"SK0014-20241220-ARN-LLA","2024-12-20","12:23:00","2024-12-20","13:39:00","SEROT","32N",76,false,"19218",
97255,97255,"SK2023-20241220-UME-ARN","2024-12-20","09:55:00","2024-12-20","11:00:00","SEROT","32N",65,false,"19218",
97255,97255,"SK0024-20241220-ARN-UME","2024-12-20","08:18:00","2024-12-20","09:18:00","SEROT","32N",60,true,"19218",
97255,97255,"SK0618-20241202-GVA-CPH","2024-12-02","19:59:00","2024-12-02","21:55:00","SEROB","32N",116,false,"18771",
97255,97255,"SK0617-20241202-CPH-GVA","2024-12-02","17:29:00","2024-12-02","19:25:00","SEROB","32N",116,true,"18771",
97255,97255,"SK4044-20241201-SVG-OSL","2024-12-01","21:51:00","2024-12-01","22:50:00","SEROX","32N",59,false,"18771",
97255,97255,"SK4055-20241201-OSL-SVG","2024-12-01","20:34:00","2024-12-01","21:28:00","SEROX","32N",54,true,"18771",
97255,97255,"SK2308-20241201-KSU-OSL","2024-12-01","18:41:00","2024-12-01","19:44:00","SEROX","32N",63,false,"18771",
97255,97255,"SK7470-20241130-LPA-KSU","2024-11-30","14:09:00","2024-11-30","20:31:00","SEROU","32N",322,false,"18771",
97255,97255,"SK7365-20241130-BGO-LPA","2024-11-30","07:50:00","2024-11-30","13:04:00","SEROU","32N",374,true,"18771",
97255,97255,"SK0269-20241129-OSL-BGO","2024-11-29","14:45:00","2024-11-29","15:45:00","LNRGO","32N",60,false,"18771",
97255,97255,"SK2023-20241129-UME-ARN","2024-11-29","09:50:00","2024-11-29","10:53:00","OYKAU","320",63,false,"18771",
97255,97255,"SK0024-20241129-ARN-UME","2024-11-29","08:14:00","2024-11-29","09:14:00","OYKAU","320",60,false,"18771",
97255,97255,"SK4095-20241123-EVE-OSL","2024-11-23","19:13:00","2024-11-23","21:04:00","LNRGL","32N",111,true,"38705",
97255,97255,"SK4094-20241123-OSL-EVE","2024-11-23","17:04:00","2024-11-23","18:44:00","LNRGL","32N",100,false,"38705",
97255,97255,"SK0380-20241122-OSL-TRD","2024-11-22","20:41:00","2024-11-22","21:36:00","SERUC","32N",55,true,"35339",
97255,97255,"SK4042-20241122-SVG-OSL","2024-11-22","18:55:00","2024-11-22","19:46:00","SERUC","32N",51,true,"35339",
97255,97255,"SK4043-20241122-OSL-SVG","2024-11-22","17:36:00","2024-11-22","18:29:00","SERUC","32N",53,false,"35339",
97255,97255,"SK0867-20241122-ARN-OSL","2024-11-22","14:22:00","2024-11-22","15:19:00","SEROP","32N",57,true,"18771",
97255,97255,"SK0002-20241121-ARN-LLA","2024-11-21","20:30:00","2024-11-21","21:50:00","SEROO","32N",80,true,"18939",
97255,97255,"SK0488-20241121-OSL-ARN","2024-11-21","18:38:00","2024-11-21","19:42:00","SEROO","32N",64,false,"18939",
97255,97255,"SK0491-20241121-ARN-OSL","2024-11-21","17:09:00","2024-11-21","18:08:00","SEROO","32N",59,true,"18939",
97255,97255,"SK0009-20241121-LLA-ARN","2024-11-21","13:53:00","2024-11-21","15:22:00","OYKAU","320",89,true,"18939",
97255,97255,"SK0020-20241120-ARN-LLA","2024-11-20","22:42:00","2024-11-21","00:35:00","OYKAU","320",113,false,"18939",
97255,97255,"SK1491-20241120-TOS-ARN","2024-11-20","19:38:00","2024-11-20","21:42:00","SERON","32N",124,false,"18939",
97255,97255,"SK1492-20241120-ARN-TOS","2024-11-20","17:02:00","2024-11-20","19:01:00","SERON","32N",119,true,"18939",
97255,97255,"SK0019-20241106-LLA-ARN","2024-11-06","19:24:00","2024-11-06","20:36:00","OYKAU","320",72,true,"11250",
97255,97255,"SK0016-20241106-ARN-LLA","2024-11-06","17:36:00","2024-11-06","18:51:00","OYKAU","320",75,false,"11250",
97255,97255,"SK0011-20241106-LLA-ARN","2024-11-06","15:14:00","2024-11-06","16:29:00","OYKAU","320",75,false,"11250",
97255,97255,"SK0020-20241105-ARN-LLA","2024-11-05","21:58:00","2024-11-05","23:16:00","SEROO","32N",78,true,"11250",
97255,97255,"SK0019-20241105-LLA-ARN","2024-11-05","19:28:00","2024-11-05","20:36:00","SEROO","32N",68,false,"11250",
97255,97255,"SK0016-20241105-ARN-LLA","2024-11-05","17:36:00","2024-11-05","18:55:00","SEROO","32N",79,false,"11250",
97255,97255,"SK0011-20241105-LLA-ARN","2024-11-05","15:21:00","2024-11-05","16:36:00","SEROR","32N",75,true,"11250",
97255,97255,"SK0020-20241104-ARN-LLA","2024-11-04","22:00:00","2024-11-04","23:17:00","SEROR","32N",77,false,"11250",
97255,97255,"SK0019-20241104-LLA-ARN","2024-11-04","19:30:00","2024-11-04","20:40:00","SEROR","32N",70,true,"11250",
97255,97255,"SK0016-20241104-ARN-LLA","2024-11-04","17:46:00","2024-11-04","19:04:00","SEROR","32N",78,true,"11250",
97255,97255,"SK0011-20241104-LLA-ARN","2024-11-04","15:20:00","2024-11-04","16:33:00","SEROR","32N",73,false,"11250",
97255,97255,"SK0020-20241103-ARN-LLA","2024-11-03","22:29:00","2024-11-03","23:52:00","SEROX","32N",83,true,"11250",
97255,97255,"SK0690-20241103-LIN-ARN","2024-11-03","18:51:00","2024-11-03","21:45:00","SEROX","32N",174,false,"11250",
97255,97255,"SK0689-20241103-ARN-LIN","2024-11-03","15:26:00","2024-11-03","17:57:00","SEROX","32N",151,true,"11250",
97255,97255,"SK4419-20241028-TOS-OSL","2024-10-28","11:44:00","2024-10-28","13:27:00","OYKBP","319",103,true,"38722",
97255,97255,"SK1492-20241028-ARN-TOS","2024-10-28","08:14:00","2024-10-28","10:17:00","SEROI","32N",123,false,"38722",
97255,97255,"SK0361-20241024-TRD-OSL","2024-10-24","14:08:00","2024-10-24","15:00:00","SERZZ","32N",52,false,"14754",
97255,97255,"SK0344-20241024-OSL-TRD","2024-10-24","12:35:00","2024-10-24","13:36:00","SERZZ","32N",61,true,"14754",
97255,97255,"SK1472-20241023-CPH-OSL","2024-10-23","20:53:00","2024-10-23","22:04:00","OYKBO","319",71,true,"14754",
97255,97255,"SK1474-20241022-CPH-OSL","2024-10-22","22:59:00","2024-10-23","00:05:00","SEROU","32N",66,false,"33997",
97255,97255,"SK1475-20241022-OSL-CPH","2024-10-22","20:46:00","2024-10-22","21:55:00","SEROU","32N",69,true,"33997",
97255,97255,"SK1470-20241022-CPH-OSL","2024-10-22","19:00:00","2024-10-22","20:02:00","SEROU","32N",62,true,"33997",
97255,97255,"SK1465-20241022-OSL-CPH","2024-10-22","17:16:00","2024-10-22","18:22:00","SEROU","32N",66,true,"33997",
97255,97255,"SK1460-20241022-CPH-OSL","2024-10-22","15:24:00","2024-10-22","16:33:00","SERUO","32N",69,false,"33997",
97255,97255,"SK7744-20241021-IOA-CPH","2024-10-21","22:33:00","2024-10-22","00:06:00","SEDOX","32N",153,false,"14754",
97255,97255,"SK7743-20241021-CPH-IOA","2024-10-21","18:12:00","2024-10-21","21:56:00","SEDOX","32N",164,true,"14754",
97255,97255,"SK2812-20241020-PMI-CPH","2024-10-20","19:43:00","2024-10-20","22:45:00","SEROP","32N",182,true,"14754",
97255,97255,"SK2811-20241020-CPH-PMI","2024-10-20","16:07:00","2024-10-20","18:48:00","SEROP","32N",161,false,"14754",
97255,97255,"SK0212-20241014-KRS-OSL","2024-10-14","11:43:00","2024-10-14","12:30:00","SERUA","32N",47,false,"11755",
97255,97255,"SK0211-20241014-OSL-KRS","2024-10-14","10:23:00","2024-10-14","11:11:00","SERUA","32N",48,true,"11755",
97255,97255,"SK0536-20241011-DUB-ARN","2024-10-11","11:50:00","2024-10-11","15:20:00","SEROT","32N",150,true,"11134",
97255,97255,"SK0535-20241011-ARN-DUB","2024-10-11","09:13:00","2024-10-11","10:55:00","SEROT","32N",162,false,"11134",
97255,97255,"SK0003-20241011-LLA-ARN","2024-10-11","06:54:00","2024-10-11","08:23:00","SEROT","32N",89,false,"11134",
97255,97255,"SK1854-20241010-ALC-ARN","2024-10-10","11:25:00","2024-10-10","15:18:00","SEROB","32N",233,false,"11134",
97255,97255,"SK1853-20241010-ARN-ALC","2024-10-10","06:08:00","2024-10-10","10:34:00","SEROB","32N",266,true,"11134",
97255,97255,"SK0011-20241006-LLA-ARN","2024-10-06","16:23:00","2024-10-06","17:38:00","SERON","32N",75,true,"14799",
97255,97255,"SK0010-20241006-ARN-LLA","2024-10-06","14:27:00","2024-10-06","15:41:00","SERON","32N",74,false,"14799",
97255,97255,"SK2678-20241006-BER-ARN","2024-10-06","12:11:00","2024-10-06","13:49:00","SERON","32N",98,false,"14799",
97255,97255,"SK2677-20241006-ARN-BER","2024-10-06","09:51:00","2024-10-06","11:24:00","SERON","32N",93,true,"14799",
97255,97255,"SK0001-20241006-LLA-ARN","2024-10-06","07:52:00","2024-10-06","09:09:00","SERON","32N",77,true,"14799",
97255,97255,"SK2738-20241005-SPU-ARN","2024-10-05","09:45:00","2024-10-05","12:19:00","OYKAY","320",154,false,"14799",
97255,97255,"SK2737-20241005-ARN-SPU","2024-10-05","06:06:00","2024-10-05","09:00:00","OYKAY","320",174,true,"14799",
97255,97255,"SK1842-20240930-FCO-ARN","2024-09-30","20:47:00","2024-10-01","00:04:00","SEROI","32N",197,false,"16868",
97255,97255,"SK1841-20240930-ARN-FCO","2024-09-30","16:21:00","2024-09-30","19:28:00","SEROI","32N",187,true,"16868",
97255,97255,"SK0536-20240926-DUB-ARN","2024-09-26","11:51:00","2024-09-26","15:26:00","SEROT","32N",155,false,"14635",
97255,97255,"SK0535-20240926-ARN-DUB","2024-09-26","09:16:00","2024-09-26","10:55:00","SEROT","32N",159,true,"14635",
97255,97255,"SK0003-20240926-LLA-ARN","2024-09-26","06:52:00","2024-09-26","08:12:00","SEROT","32N",80,true,"14635",
97255,97255,"SK1015-20240925-SFT-ARN","2024-09-25","13:12:00","2024-09-25","14:18:00","OYKAP","320",66,true,"14635",
97255,97255,"SK1014-20240925-ARN-SFT","2024-09-25","11:34:00","2024-09-25","12:41:00","OYKAP","320",67,false,"14635",
97255,97255,"SK1418-20240925-CPH-ARN","2024-09-25","08:50:00","2024-09-25","09:59:00","SEROI","32N",69,false,"14635",
97255,97255,"SK1417-20240925-ARN-CPH","2024-09-25","06:55:00","2024-09-25","08:02:00","SEROI","32N",67,true,"14635",
97255,97255,"SK0536-20240923-DUB-ARN","2024-09-23","12:20:00","2024-09-23","15:52:00","SEROX","32N",152,true,"10140",
97255,97255,"SK0535-20240923-ARN-DUB","2024-09-23","09:18:00","2024-09-23","11:03:00","SEROX","32N",165,false,"10140",
97255,97255,"SK0003-20240923-LLA-ARN","2024-09-23","06:50:00","2024-09-23","08:13:00","SEROX","32N",83,true,"10140",
97255,97255,"SK7902-20240922-MJT-ARN","2024-09-22","11:53:00","2024-09-22","14:19:00","SEROI","32N",206,false,"10140",
97255,97255,"SK7901-20240922-ARN-MJT","2024-09-22","06:09:00","2024-09-22","10:46:00","SEROI","32N",217,true,"10140",
97255,97255,"SK0725-20240918-HEL-ARN","2024-09-18","21:15:00","2024-09-18","21:10:00","OYKAS","320",55,true,"10944",
97255,97255,"SK0722-20240918-ARN-HEL","2024-09-18","18:44:00","2024-09-18","20:40:00","OYKAS","320",56,false,"10944",
97255,97255,"SK0011-20240918-LLA-ARN","2024-09-18","15:51:00","2024-09-18","17:12:00","SEROC","32N",81,false,"10944",
97255,97255,"SK0002-20240917-ARN-LLA","2024-09-17","19:28:00","2024-09-17","20:46:00","SEROB","32N",78,true,"10944",
97255,97255,"SK0013-20240917-LLA-ARN","2024-09-17","17:32:00","2024-09-17","18:49:00","SEROB","32N",77,false,"15447",
97255,97255,"SK0002-20240916-ARN-LLA","2024-09-16","19:27:00","2024-09-16","20:35:00","SEROI","32N",68,true,"15447",
97255,97255,"SK0013-20240916-LLA-ARN","2024-09-16","17:24:00","2024-09-16","18:50:00","SEROC","32N",86,true,"15447",
97255,97255,"SK0010-20240916-ARN-LLA","2024-09-16","13:55:00","2024-09-16","15:05:00","SEROT","32N",70,false,"15447",
97255,97255,"SK0496-20240913-OSL-ARN","2024-09-13","14:17:00","2024-09-13","15:09:00","OYKBO","319",52,true,"41781",
97255,97255,"SK4744-20240913-BRU-OSL","2024-09-13","10:56:00","2024-09-13","12:43:00","SERZX","32N",107,true,"41781",
97255,97255,"SK4743-20240913-OSL-BRU","2024-09-13","08:25:00","2024-09-13","10:16:00","SERZX","32N",111,false,"41781",
97255,97255,"SK0305-20240913-HAU-OSL","2024-09-13","06:42:00","2024-09-13","07:35:00","SEROG","32N",53,false,"41781",
97255,97255,"SK0312-20240912-OSL-HAU","2024-09-12","13:11:00","2024-09-12","14:03:00","LNRGM","32N",52,true,"62322",
97255,97255,"SK0281-20240911-OSL-BGO","2024-09-11","17:55:00","2024-09-11","18:44:00","SEROJ","32N",49,false,"41781",
97255,97255,"SK1460-20240911-CPH-OSL","2024-09-11","15:26:00","2024-09-11","16:34:00","SEROM","32N",68,true,"41781",
97255,97255,"SK2832-20240911-SPU-CPH","2024-09-11","12:24:00","2024-09-11","14:27:00","LNRGN","32N",123,true,"41781",
97255,97255,"SK2831-20240911-CPH-SPU","2024-09-11","09:23:00","2024-09-11","11:39:00","LNRGN","32N",136,false,"41781",
97255,97255,"SK0409-20240910-ARN-CPH","2024-09-10","17:50:00","2024-09-10","19:14:00","SEROP","32N",84,true,"41781",
97255,97255,"SK1806-20240910-PMI-ARN","2024-09-10","13:16:00","2024-09-10","17:08:00","SEROF","32N",232,true,"41781",
97255,97255,"SK1805-20240910-ARN-PMI","2024-09-10","08:44:00","2024-09-10","12:15:00","SEROF","32N",211,false,"41781",
97255,97255,"SK0496-20240906-OSL-ARN","2024-09-06","13:58:00","2024-09-06","14:59:00","OYKAP","320",61,false,"11750",
97255,97255,"SK0351-20240906-TRD-OSL","2024-09-06","10:24:00","2024-09-06","11:20:00","SEROD","32N",56,true,"11750",
97255,97255,"SK0336-20240906-OSL-TRD","2024-09-06","09:03:00","2024-09-06","09:51:00","SEROD","32N",48,true,"11750",
97255,97255,"SK0341-20240906-TRD-OSL","2024-09-06","07:11:00","2024-09-06","08:15:00","SEROD","32N",64,false,"11750",
97255,97255,"SK0344-20240905-OSL-TRD","2024-09-05","13:00:00","2024-09-05","13:49:00","SERZE","32N",49,true,"11750",
97255,97255,"SK4107-20240905-BOO-OSL","2024-09-05","10:49:00","2024-09-05","12:17:00","SERZE","32N",88,true,"11750",
97255,97255,"SK4104-20240905-OSL-BOO","2024-09-05","08:43:00","2024-09-05","10:10:00","SERZE","32N",87,false,"11750",
97255,97255,"SK0208-20240905-KRS-OSL","2024-09-05","06:55:00","2024-09-05","07:48:00","SERZE","32N",53,false,"11750",
97255,97255,"SK0215-20240904-OSL-KRS","2024-09-04","14:35:00","2024-09-04","15:27:00","SERZX","32N",52,true,"11750",
97255,97255,"SK0260-20240904-BGO-OSL","2024-09-04","10:41:00","2024-09-04","11:34:00","OYKBT","319",53,false,"11750",
97255,97255,"SK0255-20240904-OSL-BGO","2024-09-04","09:20:00","2024-09-04","10:15:00","OYKBT","319",55,false,"11750",
97255,97255,"SK0244-20240904-BGO-OSL","2024-09-04","07:35:00","2024-09-04","08:42:00","OYKBT","319",67,true,"11750",
97255,97255,"SK0281-20240903-OSL-BGO","2024-09-03","17:58:00","2024-09-03","18:52:00","OYKBO","319",54,true,"11750",
97255,97255,"SK0842-20240903-ZRH-OSL","2024-09-03","14:25:00","2024-09-03","16:46:00","SERZX","32N",141,false,"11750",
97255,97255,"SK0841-20240903-OSL-ZRH","2024-09-03","11:20:00","2024-09-03","13:42:00","SERZX","32N",142,true,"11750",
97255,97255,"SK0483-20240903-ARN-OSL","2024-09-03","09:31:00","2024-09-03","10:38:00","SERZX","32N",67,false,"11750",
97255,97255,"SK2680-20240829-BER-ARN","2024-08-29","21:25:00","2024-08-29","22:55:00","SEROT","32N",90,false,"10316",
97255,97255,"SK2679-20240829-ARN-BER","2024-08-29","19:12:00","2024-08-29","20:47:00","SEROT","32N",95,true,"10316",
97255,97255,"SK1025-20240829-SFT-ARN","2024-08-29","17:08:00","2024-08-29","18:15:00","OYKAP","320",67,true,"10316",
97255,97255,"SK1018-20240828-ARN-SFT","2024-08-28","21:33:00","2024-08-28","22:40:00","SEROI","32N",67,false,"10316",
97255,97255,"SK1488-20240826-OSL-ARN","2024-08-26","21:06:00","2024-08-26","22:03:00","SEROT","32N",57,false,"10567",
97255,97255,"SK0493-20240826-ARN-OSL","2024-08-26","19:32:00","2024-08-26","20:26:00","SEROT","32N",54,true,"10567",
97255,97255,"SK0013-20240826-LLA-ARN","2024-08-26","17:23:00","2024-08-26","18:47:00","SEROT","32N",84,true,"10567",
97255,97255,"SK0012-20240826-ARN-LLA","2024-08-26","15:41:00","2024-08-26","16:54:00","SEROT","32N",73,false,"10567",
97255,97255,"SK0709-20240826-HEL-ARN","2024-08-26","14:39:00","2024-08-26","14:41:00","SEROT","32N",62,false,"10567",
97255,97255,"SK0728-20240825-ARN-HEL","2024-08-25","22:25:00","2024-08-26","00:22:00","SEROC","32N",57,true,"10567",
97255,97255,"SK0528-20240825-LHR-ARN","2024-08-25","18:18:00","2024-08-25","21:38:00","SEROC","32N",140,true,"10567",
97255,97255,"SK0527-20240825-ARN-LHR","2024-08-25","15:31:00","2024-08-25","17:27:00","SEROC","32N",176,false,"10567",
97255,97255,"SK0536-20240820-DUB-ARN","2024-08-20","12:04:00","2024-08-20","15:32:00","SEDOX","32N",148,true,"14635",
97255,97255,"SK0535-20240820-ARN-DUB","2024-08-20","09:10:00","2024-08-20","11:05:00","SEDOX","32N",175,false,"14635",
97255,97255,"SK0402-20240820-CPH-ARN","2024-08-20","07:01:00","2024-08-20","08:15:00","SEROM","32N",74,false,"14635",
97255,97255,"SK2692-20240819-VCE-CPH","2024-08-19","11:16:00","2024-08-19","13:22:00","SEROR","32N",126,false,"14635",
97255,97255,"SK2691-20240819-CPH-VCE","2024-08-19","08:12:00","2024-08-19","10:24:00","SEROR","32N",132,true,"14635",
97255,97255,"SK1415-20240819-ARN-CPH","2024-08-19","05:51:00","2024-08-19","07:04:00","SEROR","32N",73,true,"14635",
97255,97255,"SK9270-20240806-TLL-TLL","2024-08-06","13:32:00","2024-08-06","15:54:00","OYKAL","320",142,false,"35722",
97255,97255,"SK1930-20240803-TIV-ARN","2024-08-03","11:00:00","2024-08-03","13:52:00","SEDOX","32N",172,true,"11755",
97255,97255,"SK1929-20240803-ARN-TIV","2024-08-03","06:41:00","2024-08-03","09:41:00","SEDOX","32N",180,false,"11755",
97255,97255,"SK1830-20240802-NCE-ARN","2024-08-02","10:08:00","2024-08-02","12:50:00","SEROX","32N",162,true,"11047",
97255,97255,"SK1829-20240802-ARN-NCE","2024-08-02","06:00:00","2024-08-02","09:19:00","SEROX","32N",199,false,"11047",
97255,97255,"SK0864-20240801-OSL-ARN","2024-08-01","09:10:00","2024-08-01","10:06:00","SEROF","32N",56,false,"14583",
97255,97255,"SK0843-20240801-ARN-OSL","2024-08-01","07:27:00","2024-08-01","08:27:00","SEROF","32N",60,true,"14583",
97255,97255,"SK1830-20240727-NCE-ARN","2024-07-27","11:40:00","2024-07-27","14:38:00","SEROD","32N",178,false,"14418",
97255,97255,"SK1829-20240727-ARN-NCE","2024-07-27","06:52:00","2024-07-27","10:20:00","SEROD","32N",208,true,"14418",
97255,97255,"SK0864-20240726-OSL-ARN","2024-07-26","09:19:00","2024-07-26","10:18:00","OYKBO","319",59,true,"19996",
97255,97255,"SK0843-20240726-ARN-OSL","2024-07-26","07:31:00","2024-07-26","08:32:00","LNRGO","32N",61,false,"19996",
97255,97255,"SK1572-20240723-ALC-ARN","2024-07-23","12:02:00","2024-07-23","15:56:00","SERON","32N",234,true,"19996",
97255,97255,"SK1571-20240723-ARN-ALC","2024-07-23","06:43:00","2024-07-23","10:46:00","SERON","32N",243,false,"19996",
97255,97255,"SK2690-20240721-MXP-ARN","2024-07-21","22:01:00","2024-07-22","00:49:00","LNRGN","32N",168,true,"11200",
97255,97255,"SK2689-20240721-ARN-MXP","2024-07-21","17:52:00","2024-07-21","21:00:00","LNRGN","32N",188,false,"11200",
97255,97255,"SK1810-20240720-PMI-ARN","2024-07-20","19:55:00","2024-07-20","23:42:00","SERZE","32N",227,false,"11750",
97255,97255,"SK1809-20240720-ARN-PMI","2024-07-20","15:27:00","2024-07-20","19:00:00","SERZE","32N",213,true,"11750",
97255,97255,"SK0005-20240717-LLA-ARN","2024-07-17","10:02:00","2024-07-17","11:25:00","SEROC","32N",83,false,"14799",
97255,97255,"SK1004-20240717-ARN-LLA","2024-07-17","08:10:00","2024-07-17","09:22:00","SEROC","32N",72,false,"14799",
97255,97255,"SK1830-20240716-NCE-ARN","2024-07-16","11:47:00","2024-07-16","14:31:00","SEROC","32N",164,true,"14799",
97255,97255,"SK1829-20240716-ARN-ARN","2024-07-16","06:00:00","2024-07-16","06:29:00","SEROC","32N",29,false,"14799",
97255,97255,"SK1829-20240716-ARN-NCE","2024-07-16","07:10:00","2024-07-16","10:14:00","SEROC","32N",184,false,"14799",
97255,97255,"SK2542-20240715-EDI-ARN","2024-07-15","09:21:00","2024-07-15","12:35:00","SEROC","32N",134,false,"41420",
97255,97255,"SK2541-20240715-ARN-EDI","2024-07-15","07:19:00","2024-07-15","08:29:00","SEROC","32N",130,true,"41420",
97255,97255,"SK1826-20240714-SPU-ARN","2024-07-14","10:51:00","2024-07-14","13:26:00","SEROD","32N",155,false,"11826",
97255,97255,"SK1825-20240714-ARN-SPU","2024-07-14","07:15:00","2024-07-14","10:07:00","SEROD","32N",172,true,"11826",
97255,97255,"SK2542-20240711-EDI-ARN","2024-07-11","09:36:00","2024-07-11","12:52:00","OYKAS","320",136,false,"14754",
97255,97255,"SK2541-20240711-ARN-EDI","2024-07-11","07:14:00","2024-07-11","08:26:00","OYKAS","320",132,true,"14754",
97255,97255,"SK0864-20240710-OSL-ARN","2024-07-10","09:16:00","2024-07-10","10:27:00","SEROD","32N",71,true,"14754",
97255,97255,"SK0843-20240710-ARN-OSL","2024-07-10","07:27:00","2024-07-10","08:24:00","SEROD","32N",57,true,"14754",
97255,97255,"SK2932-20240705-NCE-ARN","2024-07-05","21:11:00","2024-07-05","23:54:00","OYKAP","320",163,false,"16106",
97255,97255,"SK2931-20240705-ARN-NCE","2024-07-05","16:47:00","2024-07-05","20:09:00","OYKAP","320",202,true,"16106",
97255,97255,"SK0009-20240705-LLA-ARN","2024-07-05","13:37:00","2024-07-05","15:00:00","SEROO","32N",83,true,"16106",
97255,97255,"SK0022-20240704-ARN-LLA","2024-07-04","21:21:00","2024-07-04","22:33:00","OYKAS","320",72,false,"16106",
97255,97255,"SK1021-20240704-SFT-ARN","2024-07-04","19:24:00","2024-07-04","20:32:00","OYKAS","320",68,true,"16106",
97255,97255,"SK1020-20240704-ARN-SFT","2024-07-04","17:52:00","2024-07-04","18:59:00","OYKAS","320",67,true,"16106",
97255,97255,"SK0011-20240704-LLA-ARN","2024-07-04","15:52:00","2024-07-04","17:13:00","OYKAS","320",81,true,"16106",
97255,97255,"SK0022-20240703-ARN-LLA","2024-07-03","21:33:00","2024-07-03","22:48:00","SEROD","32N",75,false,"16106",
97255,97255,"SK1021-20240703-SFT-ARN","2024-07-03","19:23:00","2024-07-03","20:31:00","SEROD","32N",68,false,"16106",
97255,97255,"SK1020-20240703-ARN-SFT","2024-07-03","17:44:00","2024-07-03","18:49:00","SEROD","32N",65,true,"16106",
97255,97255,"SK1824-20240629-SKG-ARN","2024-06-29","21:18:00","2024-06-29","23:32:00","SEROX","32N",194,true,"14878",
97255,97255,"SK1823-20240629-ARN-SKG","2024-06-29","16:09:00","2024-06-29","20:35:00","SEROX","32N",206,false,"14878",
97255,97255,"SK1558-20240628-AMS-ARN","2024-06-28","22:22:00","2024-06-29","00:10:00","OYKAW","320",108,false,"19032",
97255,97255,"SK1557-20240628-ARN-AMS","2024-06-28","19:35:00","2024-06-28","21:45:00","OYKAW","320",130,true,"19032",
97255,97255,"SK0080-20240628-VBY-ARN","2024-06-28","17:56:00","2024-06-28","18:40:00","OYKAW","320",44,true,"19032",
97255,97255,"SK0079-20240628-ARN-VBY","2024-06-28","16:48:00","2024-06-28","17:25:00","OYKAW","320",37,false,"19032",
97255,97255,"SK2690-20240627-MXP-ARN","2024-06-27","22:06:00","2024-06-28","00:50:00","OYKAU","320",164,true,"14724",
97255,97255,"SK2689-20240627-ARN-MXP","2024-06-27","17:14:00","2024-06-27","20:03:00","OYKAU","320",169,false,"14724",
97255,97255,"SK1896-20240626-PRN-ARN","2024-06-26","23:15:00","2024-06-27","02:12:00","SEROD","32N",177,true,"15502",
97255,97255,"SK1895-20240626-ARN-PRN","2024-06-26","19:01:00","2024-06-26","22:21:00","SEROD","32N",200,false,"15502",
97255,97255,"SK0408-20240623-CPH-ARN","2024-06-23","17:47:00","2024-06-23","18:53:00","OYKAT","320",66,true,"19218",
97255,97255,"SK2796-20240623-NCE-CPH","2024-06-23","14:42:00","2024-06-23","17:07:00","SEROM","32N",145,false,"19218",
97255,97255,"SK2795-20240623-CPH-NCE","2024-06-23","10:19:00","2024-06-23","12:33:00","SEROM","32N",134,true,"19218",
97255,97255,"SK2696-20240622-PMO-CPH","2024-06-22","12:38:00","2024-06-22","15:24:00","SEROM","32N",166,true,"19218",
97255,97255,"SK2695-20240622-CPH-PMO","2024-06-22","08:23:00","2024-06-22","11:29:00","SEROM","32N",186,false,"19218",
97255,97255,"SK2861-20240622-BGO-CPH","2024-06-22","06:01:00","2024-06-22","07:26:00","SEROM","32N",85,false,"19218",
97255,97255,"SK0273-20240621-OSL-BGO","2024-06-21","16:16:00","2024-06-21","17:11:00","SEROT","32N",55,false,"19218",
97255,97255,"SK9249-20240621-ARN-TRD","2024-06-21","12:56:00","2024-06-21","14:15:00","SERON","32N",79,true,"19218",
97255,97255,"SK0721-20240620-HEL-ARN","2024-06-20","17:15:00","2024-06-20","17:13:00","OYKAS","320",58,false,"10346",
97255,97255,"SK0716-20240620-ARN-HEL","2024-06-20","14:43:00","2024-06-20","16:40:00","OYKAS","320",57,true,"10346",
97255,97255,"SK0574-20240620-CDG-ARN","2024-06-20","10:53:00","2024-06-20","13:10:00","OYKAW","320",137,true,"10346",
97255,97255,"SK0573-20240620-ARN-CDG","2024-06-20","07:23:00","2024-06-20","10:01:00","OYKAW","320",158,false,"10346",
97255,97255,"SK1472-20240616-CPH-OSL","2024-06-16","20:13:00","2024-06-16","21:16:00","OYKAT","320",63,false,"67590",
97255,97255,"SK0461-20240616-OSL-CPH","2024-06-16","18:07:00","2024-06-16","19:16:00","OYKAT","320",69,true,"67590",
97255,97255,"SK0222-20240616-KRS-OSL","2024-06-16","16:38:00","2024-06-16","17:31:00","SERUD","32N",53,false,"67590",
97255,97255,"SK7310-20240615-CHQ-KRS","2024-06-15","12:37:00","2024-06-15","15:26:00","SERZX","32N",229,true,"67590",
97255,97255,"SK7303-20240615-SVG-CHQ","2024-06-15","05:48:00","2024-06-15","11:33:00","SERZX","32N",285,true,"67590",
97255,97255,"SK4025-20240614-OSL-SVG","2024-06-14","12:10:00","2024-06-14","13:00:00","SERUR","32N",50,false,"67590",
97255,97255,"SK0260-20240614-BGO-OSL","2024-06-14","10:33:00","2024-06-14","11:23:00","SEDOZ","32N",50,false,"67590",
97255,97255,"SK0255-20240614-OSL-BGO","2024-06-14","09:14:00","2024-06-14","10:04:00","SEDOZ","32N",50,true,"67590",
97255,97255,"SK4105-20240614-BOO-OSL","2024-06-14","06:58:00","2024-06-14","08:25:00","SEDOZ","32N",87,true,"67590",
97255,97255,"SK4106-20240613-OSL-BOO","2024-06-13","11:00:00","2024-06-13","12:24:00","LNRGM","32N",84,false,"67590",
97255,97255,"SK1464-20240613-CPH-OSL","2024-06-13","09:01:00","2024-06-13","10:14:00","LNRGM","32N",73,false,"67590",
97255,97255,"SK1463-20240613-OSL-CPH","2024-06-13","07:03:00","2024-06-13","08:08:00","LNRGM","32N",65,true,"67590",
97255,97255,"SK1558-20240611-AMS-ARN","2024-06-11","22:04:00","2024-06-11","23:58:00","SEROO","32N",114,false,"14418",
97255,97255,"SK1557-20240611-ARN-AMS","2024-06-11","19:32:00","2024-06-11","21:31:00","SEROO","32N",119,true,"14418",
97255,97255,"SK0488-20240611-OSL-ARN","2024-06-11","17:49:00","2024-06-11","18:58:00","SEROO","32N",69,false,"14418",
97255,97255,"SK0491-20240611-ARN-OSL","2024-06-11","16:10:00","2024-06-11","17:01:00","SEROO","32N",51,true,"14418",
97255,97255,"SK9230-20240610-OSL-ARN","2024-06-10","20:11:00","2024-06-10","21:06:00","SEROS","32N",55,true,"16884",
97255,97255,"SK1832-20240608-SPU-ARN","2024-06-08","10:11:00","2024-06-08","12:45:00","SEROD","32N",154,true,"15502",
97255,97255,"SK1831-20240608-ARN-SPU","2024-06-08","06:34:00","2024-06-08","09:16:00","SEROD","32N",162,false,"15502",
97255,97255,"SK1854-20240607-ALC-ARN","2024-06-07","11:03:00","2024-06-07","14:58:00","SEROA","32N",235,false,"11200",
97255,97255,"SK1853-20240607-ARN-ALC","2024-06-07","06:02:00","2024-06-07","10:15:00","SEROA","32N",253,false,"11200",
97255,97255,"SK0013-20240605-LLA-ARN","2024-06-05","17:34:00","2024-06-05","18:55:00","SERON","32N",81,false,"41355",
97255,97255,"SK0012-20240605-ARN-LLA","2024-06-05","15:37:00","2024-06-05","17:00:00","SERON","32N",83,true,"41355",
97255,97255,"SK0001-20240605-LLA-ARN","2024-06-05","10:52:00","2024-06-05","12:08:00","LNRGN","32N",76,true,"44236",
97255,97255,"SK0010-20240604-ARN-LLA","2024-06-04","14:03:00","2024-06-04","15:15:00","SEROA","32N",72,true,"44236",
97255,97255,"SK0574-20240604-CDG-ARN","2024-06-04","10:48:00","2024-06-04","13:12:00","SEDOZ","32N",144,false,"44236",
97255,97255,"SK0573-20240604-ARN-CDG","2024-06-04","07:24:00","2024-06-04","09:55:00","SEDOZ","32N",151,true,"44236",
97255,97255,"SK0725-20240529-HEL-ARN","2024-05-29","21:19:00","2024-05-29","21:24:00","OYKAW","320",65,true,"41420",
97255,97255,"SK0722-20240529-ARN-HEL","2024-05-29","18:43:00","2024-05-29","20:36:00","OYKAW","320",53,true,"41420",
97255,97255,"SK0011-20240529-LLA-ARN","2024-05-29","15:49:00","2024-05-29","17:13:00","SEDOZ","32N",84,false,"41420",
97255,97255,"SK0020-20240528-ARN-LLA","2024-05-28","21:30:00","2024-05-28","22:45:00","SEDOZ","32N",75,true,"41420",
97255,97255,"SK0019-20240528-LLA-ARN","2024-05-28","19:33:00","2024-05-28","20:57:00","SEDOZ","32N",84,true,"41420",
97255,97255,"SK0016-20240528-ARN-LLA","2024-05-28","17:59:00","2024-05-28","19:14:00","SEDOZ","32N",75,false,"41420",
97255,97255,"SK0011-20240528-LLA-ARN","2024-05-28","16:05:00","2024-05-28","17:22:00","SEDOZ","32N",77,false,"41420",
97255,97255,"SK0002-20240527-ARN-LLA","2024-05-27","19:42:00","2024-05-27","20:55:00","SEROT","32N",73,false,"41420",
97255,97255,"SK0013-20240527-LLA-ARN","2024-05-27","17:34:00","2024-05-27","18:54:00","SEROT","32N",80,true,"41420",
97255,97255,"SK9047-20240526-AJR-LLA","2024-05-26","21:19:00","2024-05-26","22:01:00","SERON","32N",42,true,"41420",
97255,97255,"SK7024-20240526-ARN-AJR","2024-05-26","19:53:00","2024-05-26","21:04:00","SERON","32N",71,false,"41420",
97255,97255,"SK1912-20240525-AGP-ARN","2024-05-25","20:28:00","2024-05-26","00:32:00","SEROS","32N",244,false,"41420",
97255,97255,"SK1911-20240525-ARN-AGP","2024-05-25","15:34:00","2024-05-25","19:48:00","SEROS","32N",254,true,"41420",
97255,97255,"SK1410-20240524-CPH-ARN","2024-05-24","21:10:00","2024-05-24","22:19:00","SEROA","32N",69,false,"11072",
97255,97255,"SK1409-20240524-ARN-CPH","2024-05-24","19:17:00","2024-05-24","20:31:00","SEROA","32N",74,true,"11072",
97255,97255,"SK1408-20240524-CPH-ARN","2024-05-24","17:21:00","2024-05-24","18:31:00","SEROA","32N",70,true,"11072",
97255,97255,"SK1407-20240524-ARN-CPH","2024-05-24","15:30:00","2024-05-24","16:39:00","SEROA","32N",69,false,"11072",
97255,97255,"SK1600-20240522-BRU-ARN","2024-05-22","20:25:00","2024-05-22","22:27:00","OYKAP","320",122,true,"18941",
97255,97255,"SK2591-20240522-ARN-BRU","2024-05-22","17:35:00","2024-05-22","19:36:00","OYKAP","320",121,false,"18941",
97255,97255,"SK0009-20240522-LLA-ARN","2024-05-22","13:02:00","2024-05-22","14:33:00","OYKAS","320",91,false,"18941",
97255,97255,"SK0002-20240521-ARN-LLA","2024-05-21","19:39:00","2024-05-21","20:59:00","SEROS","32N",80,false,"18941",
97255,97255,"SK0013-20240521-LLA-ARN","2024-05-21","17:28:00","2024-05-21","18:48:00","SEROS","32N",80,true,"18941",
97255,97255,"SK0020-20240520-ARN-LLA","2024-05-20","21:50:00","2024-05-20","23:05:00","LNRGN","32N",75,true,"18941",
97255,97255,"SK1556-20240520-AMS-ARN","2024-05-20","18:53:00","2024-05-20","20:54:00","LNRGN","32N",121,true,"18941",
97255,97255,"SK1555-20240520-ARN-AMS","2024-05-20","16:13:00","2024-05-20","18:09:00","LNRGN","32N",116,false,"18941",
97255,97255,"SK0011-20240518-LLA-ARN","2024-05-18","16:13:00","2024-05-18","17:28:00","OYKAP","320",75,true,"11026",
97255,97255,"SK0020-20240517-ARN-LLA","2024-05-17","22:23:00","2024-05-17","23:32:00","OYKAW","320",69,false,"11026",
97255,97255,"SK1556-20240517-AMS-ARN","2024-05-17","19:08:00","2024-05-17","21:12:00","SEROS","32N",124,false,"11026",
97255,97255,"SK1555-20240517-ARN-AMS","2024-05-17","16:13:00","2024-05-17","18:11:00","SEROS","32N",118,false,"11026",
97255,97255,"SK0885-20240516-ARN-OSL","2024-05-16","17:43:00","2024-05-16","18:44:00","SEDOX","32N",61,false,"41355",
97255,97255,"SK2626-20240515-DUS-ARN","2024-05-15","19:42:00","2024-05-15","21:40:00","SEROS","32N",118,false,"14635",
97255,97255,"SK2625-20240515-ARN-DUS","2024-05-15","17:07:00","2024-05-15","19:04:00","SEROS","32N",117,true,"14635",
97255,97255,"SK1015-20240515-SFT-ARN","2024-05-15","13:22:00","2024-05-15","14:27:00","OYKAS","320",65,true,"14635",
97255,97255,"SK1018-20240514-ARN-SFT","2024-05-14","21:35:00","2024-05-14","22:49:00","SEROS","32N",74,false,"14635",
97255,97255,"SK1590-20240514-BRU-ARN","2024-05-14","18:13:00","2024-05-14","20:21:00","SEROS","32N",128,false,"14635",
97255,97255,"SK1589-20240514-ARN-BRU","2024-05-14","15:26:00","2024-05-14","17:27:00","SEROS","32N",121,true,"14635",
97255,97255,"SK0003-20240511-LLA-ARN","2024-05-11","16:36:00","2024-05-11","17:51:00","OYKAS","320",75,false,"14754",
97255,97255,"SK0012-20240511-ARN-LLA","2024-05-11","14:52:00","2024-05-11","16:14:00","OYKAS","320",82,true,"14754",
97255,97255,"SK0451-20240511-OSL-CPH","2024-05-11","07:56:00","2024-05-11","09:10:00","OYKBT","319",74,true,"14754",
97255,97255,"SK0315-20240510-HAU-OSL","2024-05-10","14:38:00","2024-05-10","15:28:00","OYKBT","319",50,true,"14754",
97255,97255,"SK0312-20240510-OSL-HAU","2024-05-10","13:16:00","2024-05-10","14:04:00","OYKBT","319",48,true,"14754",
97255,97255,"SK0351-20240510-TRD-OSL","2024-05-10","10:28:00","2024-05-10","11:17:00","OYKBT","319",49,false,"14754",
97255,97255,"SK0336-20240510-OSL-TRD","2024-05-10","08:56:00","2024-05-10","09:57:00","OYKBT","319",61,false,"14754",
97255,97255,"SK4105-20240510-BOO-OSL","2024-05-10","06:32:00","2024-05-10","07:58:00","LNRGM","32N",86,false,"14754",
97255,97255,"SK4116-20240509-OSL-BOO","2024-05-09","16:03:00","2024-05-09","17:26:00","OYKAU","320",83,true,"14754",
97255,97255,"SK4718-20240509-MXP-OSL","2024-05-09","11:14:00","2024-05-09","13:56:00","EISIO","32N",162,true,"14754",
97255,97255,"SK4717-20240509-OSL-MXP","2024-05-09","07:54:00","2024-05-09","10:16:00","EISIO","32N",142,false,"14754",
97255,97255,"SK0491-20240508-ARN-OSL","2024-05-08","16:04:00","2024-05-08","17:07:00","LNRGN","32N",63,true,"14754",
97255,97255,"SK1806-20240508-PMI-ARN","2024-05-08","11:41:00","2024-05-08","15:33:00","SEROA","32N",232,true,"14754",
97255,97255,"SK1805-20240508-ARN-PMI","2024-05-08","07:03:00","2024-05-08","10:28:00","SEROA","32N",205,false,"14754",
97255,97255,"SK1208-20240502-AAL-CPH","2024-05-02","09:45:00","2024-05-02","10:32:00","SEROC","32N",47,false,"25538",
97255,97255,"SK1207-20240502-CPH-AAL","2024-05-02","08:34:00","2024-05-02","09:22:00","SEROC","32N",48,true,"25538",
97255,97255,"SK0743-20240502-VNO-CPH","2024-05-02","06:28:00","2024-05-02","06:55:00","LNRGM","32N",87,true,"25538",
97255,97255,"SK0610-20240430-ZRH-CPH","2024-04-30","20:25:00","2024-04-30","22:12:00","SEROB","32N",107,false,"27660",
97255,97255,"SK0609-20240430-CPH-ZRH","2024-04-30","17:56:00","2024-04-30","19:55:00","SEROB","32N",119,true,"27660",
97255,97255,"SK0459-20240430-OSL-CPH","2024-04-30","16:05:00","2024-04-30","17:15:00","SEROB","32N",70,true,"27660",
97255,97255,"SK1842-20240423-FCO-ARN","2024-04-23","21:35:00","2024-04-24","00:28:00","SERON","32N",173,true,"41420",
97255,97255,"SK1841-20240423-ARN-FCO","2024-04-23","17:22:00","2024-04-23","20:32:00","SERON","32N",190,true,"41420",
97255,97255,"SK2678-20240422-BER-ARN","2024-04-22","12:31:00","2024-04-22","14:08:00","OYKAW","320",97,true,"19395",
97255,97255,"SK2677-20240422-ARN-BER","2024-04-22","10:04:00","2024-04-22","11:35:00","OYKAW","320",91,false,"19395",
97255,97255,"SK0705-20240422-HEL-ARN","2024-04-22","09:14:00","2024-04-22","09:12:00","OYKAW","320",58,false,"19395",
97255,97255,"SK0702-20240422-ARN-HEL","2024-04-22","06:31:00","2024-04-22","08:25:00","OYKAW","320",54,true,"19395",
97255,97255,"SK1049-20240421-KRN-ARN","2024-04-21","10:51:00","2024-04-21","12:19:00","OYKAS","320",88,false,"10567",
97255,97255,"SK1046-20240421-ARN-KRN","2024-04-21","08:45:00","2024-04-21","10:16:00","OYKAS","320",91,true,"10567",
97255,97255,"SK0804-20240417-LHR-OSL","2024-04-17","10:33:00","2024-04-17","13:39:00","OYKAU","320",126,false,"38011",
97255,97255,"SK0803-20240417-OSL-LHR","2024-04-17","08:09:00","2024-04-17","09:39:00","OYKAU","320",150,true,"38011",
97255,97255,"SK2546-20240415-EDI-ARN","2024-04-15","13:18:00","2024-04-15","16:23:00","OYKAW","320",125,false,"14663",
97255,97255,"SK2545-20240415-ARN-EDI","2024-04-15","11:06:00","2024-04-15","12:33:00","OYKAW","320",147,true,"14663",
97255,97255,"SK0003-20240415-LLA-ARN","2024-04-15","06:48:00","2024-04-15","08:07:00","SEDOZ","32N",79,true,"14663",
97255,97255,"SK0536-20240414-DUB-ARN","2024-04-14","10:51:00","2024-04-14","14:22:00","SEROM","32N",151,false,"14663",
97255,97255,"SK0535-20240414-ARN-DUB","2024-04-14","07:25:00","2024-04-14","09:17:00","SEROM","32N",172,true,"14663",
97255,97255,"SK0725-20240410-HEL-ARN","2024-04-10","21:28:00","2024-04-10","21:27:00","OYKAS","320",59,false,"11292",
97255,97255,"SK0722-20240410-ARN-HEL","2024-04-10","18:49:00","2024-04-10","20:55:00","OYKAS","320",66,true,"11292",
97255,97255,"SK0884-20240410-OSL-ARN","2024-04-10","17:09:00","2024-04-10","18:06:00","OYKAS","320",57,true,"11292",
97255,97255,"SK0554-20240409-AMS-CPH","2024-04-09","21:24:00","2024-04-09","22:38:00","SEROO","32N",74,false,"23333",
97255,97255,"SK0553-20240409-CPH-AMS","2024-04-09","18:40:00","2024-04-09","20:48:00","SEROO","32N",128,true,"23333",
97255,97255,"SK1684-20240409-MXP-CPH","2024-04-09","14:40:00","2024-04-09","16:34:00","SEROB","32N",114,true,"23333",
97255,97255,"SK1683-20240409-CPH-MXP","2024-04-09","11:43:00","2024-04-09","14:05:00","SEROB","32N",142,false,"23333",
97255,97255,"SK1550-20240408-AMS-CPH","2024-04-08","17:38:00","2024-04-08","18:53:00","OYKBO","319",75,true,"29375",
97255,97255,"SK1549-20240408-CPH-AMS","2024-04-08","15:31:00","2024-04-08","17:05:00","OYKBO","319",94,true,"29375",
97255,97255,"SK0552-20240408-AMS-CPH","2024-04-08","10:40:00","2024-04-08","11:56:00","EISIG","32N",76,true,"29375",
97255,97255,"SK2551-20240408-CPH-AMS","2024-04-08","08:12:00","2024-04-08","09:58:00","EISIG","32N",106,false,"29375",
97255,97255,"SK1210-20240407-AAL-CPH","2024-04-07","16:19:00","2024-04-07","17:01:00","OYKBO","319",42,false,"25189",
97255,97255,"SK1215-20240407-CPH-AAL","2024-04-07","15:10:00","2024-04-07","15:51:00","OYKBO","319",41,true,"25189",
97255,97255,"SK1686-20240407-MXP-CPH","2024-04-07","11:39:00","2024-04-07","13:46:00","SEROF","32N",127,true,"25189",
97255,97255,"SK1685-20240407-CPH-MXP","2024-04-07","08:29:00","2024-04-07","10:50:00","SEROF","32N",141,true,"25189",
97255,97255,"SK1488-20240403-OSL-ARN","2024-04-03","21:05:00","2024-04-03","22:02:00","LNRGN","32N",57,true,"18898",
97255,97255,"SK0493-20240403-ARN-OSL","2024-04-03","19:25:00","2024-04-03","20:25:00","LNRGN","32N",60,false,"18898",
97255,97255,"SK1408-20240403-CPH-ARN","2024-04-03","17:06:00","2024-04-03","18:18:00","LNRGN","32N",72,false,"18898",
97255,97255,"SK1407-20240403-ARN-CPH","2024-04-03","15:15:00","2024-04-03","16:31:00","LNRGN","32N",76,true,"18898",
97255,97255,"SK1556-20240402-AMS-ARN","2024-04-02","19:05:00","2024-04-02","21:00:00","SEROZ","32N",115,true,"17617",
97255,97255,"SK1555-20240402-ARN-AMS","2024-04-02","16:12:00","2024-04-02","18:20:00","SEROZ","32N",128,false,"17617",
97255,97255,"SK1558-20240401-AMS-ARN","2024-04-01","22:32:00","2024-04-02","00:23:00","OYKAW","320",111,false,"17617",
97255,97255,"SK1557-20240401-ARN-AMS","2024-04-01","19:32:00","2024-04-01","21:45:00","OYKAW","320",133,true,"17617",
97255,97255,"SK1408-20240401-CPH-ARN","2024-04-01","17:04:00","2024-04-01","18:09:00","OYKAW","320",65,true,"17617",
97255,97255,"SK1407-20240401-ARN-CPH","2024-04-01","15:10:00","2024-04-01","16:27:00","OYKAW","320",77,false,"17617",
97255,97255,"SK1430-20240331-CPH-ARN","2024-03-31","21:34:00","2024-03-31","22:44:00","OYKAW","320",70,false,"17617",
97255,97255,"SK0409-20240331-ARN-CPH","2024-03-31","19:43:00","2024-03-31","21:01:00","OYKAR","320",78,true,"17617",
97255,97255,"SK2680-20240331-BER-ARN","2024-03-31","15:29:00","2024-03-31","17:00:00","OYKAP","320",91,true,"17617",
97255,97255,"SK2679-20240331-ARN-BER","2024-03-31","13:17:00","2024-03-31","14:56:00","OYKAP","320",99,false,"17617",
97255,97255,"SK0073-20240327-OSD-ARN","2024-03-27","09:59:00","2024-03-27","10:51:00","OYKAS","320",52,false,"11026",
97255,97255,"SK0066-20240327-ARN-OSD","2024-03-27","08:07:00","2024-03-27","09:18:00","OYKAS","320",71,true,"11026",
97255,97255,"SK0075-20240327-OSD-ARN","2024-03-27","06:21:00","2024-03-27","07:22:00","SEROA","32N",61,true,"11026",
97255,97255,"SK2064-20240326-ARN-OSD","2024-03-26","14:35:00","2024-03-26","15:40:00","OYKAU","320",65,false,"11026",
97255,97255,"SK2678-20240326-BER-ARN","2024-03-26","12:14:00","2024-03-26","13:50:00","SEROE","32N",96,false,"11026",
97255,97255,"SK2677-20240326-ARN-BER","2024-03-26","09:58:00","2024-03-26","11:32:00","SEROE","32N",94,true,"11026",
97255,97255,"SK1011-20240326-SFT-ARN","2024-03-26","06:22:00","2024-03-26","07:28:00","OYKAU","320",66,true,"11026",
97255,97255,"SK1014-20240325-ARN-SFT","2024-03-25","12:13:00","2024-03-25","13:19:00","SERZY","32N",66,true,"11026",
97255,97255,"SK0864-20240325-OSL-ARN","2024-03-25","09:27:00","2024-03-25","10:26:00","SEROT","32N",59,true,"11026",
97255,97255,"SK0843-20240325-ARN-OSL","2024-03-25","07:46:00","2024-03-25","08:40:00","SEROT","32N",54,false,"11026",
97255,97255,"SK0461-20240321-OSL-CPH","2024-03-21","18:24:00","2024-03-21","19:32:00","SEROU","32N",68,false,"21962",
97255,97255,"SK0460-20240321-CPH-OSL","2024-03-21","16:09:00","2024-03-21","17:51:00","SEROU","32N",102,true,"21962",
97255,97255,"SK1410-20240307-CPH-ARN","2024-03-07","21:00:00","2024-03-07","22:08:00","SERZZ","32N",68,true,"11417",
97255,97255,"SK1409-20240307-ARN-CPH","2024-03-07","19:10:00","2024-03-07","20:22:00","SERZZ","32N",72,true,"11417",
97255,97255,"SK1408-20240307-CPH-ARN","2024-03-07","17:10:00","2024-03-07","18:24:00","SERZZ","32N",74,true,"11417",
97255,97255,"SK1407-20240307-ARN-CPH","2024-03-07","15:12:00","2024-03-07","16:30:00","SERZZ","32N",78,true,"11417",
97255,97255,"SK0005-20240205-LLA-ARN","2024-02-05","10:29:00","2024-02-05","11:55:00","SEROT","32N",86,false,"18941",
97255,97255,"SK1004-20240205-ARN-LLA","2024-02-05","08:33:00","2024-02-05","09:53:00","SEROT","32N",80,true,"18941",
97255,97255,"SK0482-20240123-OSL-ARN","2024-01-23","07:35:00","2024-01-23","08:43:00","SEROP","32N",68,true,"11038",
97255,97255,"SK0481-20240123-ARN-OSL","2024-01-23","05:56:00","2024-01-23","07:02:00","SEROP","32N",66,false,"11038",